# CenterPoint nuScenes-trained, evaluated on V2V4Real (zero-shot transfer) - Binned error distributions (normal from bias/bias_std)

error_type,dist_min,dist_max,distribution,param1,param2,param3
distal,2,3,normal,0.09728391676297038,0.20384569818971246,
perpendicular,2,3,normal,0.053812631583939036,0.38637941517782975,
height,2,3,normal,0.07952297502948392,0.07333982937677586,
yaw,2,3,normal,0.025143088556075877,0.08203747182863645,
width,2,3,normal,-0.32017663217359976,0.4344109882177564,
length,2,3,normal,-0.17919715758292906,0.22869797636949404,
box_height,2,3,normal,-0.228697415321104,0.2009860252539328,
distal,3,4,normal,-0.06944207318755992,0.13118006390382767,
perpendicular,3,4,normal,-0.08151009433153222,0.22720137832159615,
height,3,4,normal,0.08915525529179638,0.10877622102497063,
yaw,3,4,normal,-0.024546913645295678,0.06945494995966278,
width,3,4,normal,-0.259920450141527,0.3830515577771366,
length,3,4,normal,-0.17975099065185132,0.2399183288453765,
box_height,3,4,normal,-0.004978551476249867,0.19077006721341017,
distal,4,5,normal,-0.09437155997457525,0.14364432413767983,
perpendicular,4,5,normal,-0.02169288955655245,0.19235064870429047,
height,4,5,normal,0.11561555720522125,0.08551182685858577,
yaw,4,5,normal,-0.018479782769420337,0.07711496908077868,
width,4,5,normal,-0.19440427693880868,0.3592567270378952,
length,4,5,normal,-0.14682035292045403,0.17577106130134804,
box_height,4,5,normal,-0.07311719498579831,0.1689158455067382,
distal,5,6,normal,-0.02989120545696107,0.17673205133529002,
perpendicular,5,6,normal,-0.0054474261743362225,0.15088769197360774,
height,5,6,normal,0.10006235644460632,0.0915567056149702,
yaw,5,6,normal,-0.0075259505955422735,0.06095136817440583,
width,5,6,normal,-0.09518873046639605,0.3989230723087315,
length,5,6,normal,-0.11596249647293672,0.18938472941669635,
box_height,5,6,normal,-0.02639644295103149,0.1708398755254879,
distal,6,7,normal,-0.03798985571279368,0.1808831745248297,
perpendicular,6,7,normal,-0.0030335029786756544,0.17972800436103717,
height,6,7,normal,0.09401437570551889,0.0972213986622874,
yaw,6,7,normal,-0.00901013791113767,0.06373262336324306,
width,6,7,normal,-0.14730575730474324,0.40995699701328,
length,6,7,normal,-0.11270663149310227,0.1837991955543055,
box_height,6,7,normal,-0.05031947135697903,0.15723007400362507,
distal,7,8,normal,-0.03542067490543195,0.1864241945676973,
perpendicular,7,8,normal,-0.009748017547695982,0.12132205300721789,
height,7,8,normal,0.03936076997820407,0.11563240179865829,
yaw,7,8,normal,-0.0003540178399330812,0.059302725492097905,
width,7,8,normal,-0.12058506919183622,0.3942182155367368,
length,7,8,normal,-0.09962903627795745,0.1812242599578738,
box_height,7,8,normal,-0.10557537886534754,0.2300726646903879,
distal,8,9,normal,-0.033078775428385866,0.19214888689236093,
perpendicular,8,9,normal,-0.004724963473750536,0.12424002726283645,
height,8,9,normal,0.003391052926360052,0.10583314900338271,
yaw,8,9,normal,0.006593222935215896,0.047398892830249825,
width,8,9,normal,-0.05845981218580958,0.41326265585012034,
length,8,9,normal,-0.08667639650027209,0.15500679024074207,
box_height,8,9,normal,-0.11902136905000935,0.22892022414756277,
distal,9,10,normal,-0.011983271297769953,0.20418905603384457,
perpendicular,9,10,normal,0.0029701016865070432,0.12718225170037517,
height,9,10,normal,0.0793109976073875,0.12910336823685542,
yaw,9,10,normal,0.0066335497456393375,0.05041298388901326,
width,9,10,normal,-0.07264488641089188,0.39044386825244415,
length,9,10,normal,-0.122425896633424,0.20946942086442763,
box_height,9,10,normal,-0.008933270809121142,0.23603984431191402,
distal,10,11,normal,-0.06367710565911106,0.174176231167787,
perpendicular,10,11,normal,0.007068275186782489,0.13425681029092668,
height,10,11,normal,0.06398127396680515,0.08192881715240469,
yaw,10,11,normal,0.006158324848078827,0.045575285349533305,
width,10,11,normal,-0.14901887520709806,0.4205022807953481,
length,10,11,normal,-0.12688056462998423,0.17211970698473014,
box_height,10,11,normal,-0.01783437852920096,0.1411296251299962,
distal,11,12,normal,-0.007192950582943413,0.1711685568419568,
perpendicular,11,12,normal,0.012399582803886037,0.16775863268717173,
height,11,12,normal,0.07299052899624581,0.1109680223060253,
yaw,11,12,normal,0.008976810560324093,0.05451082079394697,
width,11,12,normal,0.02649376425130192,0.3909975793760381,
length,11,12,normal,-0.05594135959397041,0.17160796718656066,
box_height,11,12,normal,-0.04161934308432659,0.18444262482501328,
distal,12,13,normal,-0.0014026030666301277,0.1798066668563764,
perpendicular,12,13,normal,0.008535493486950946,0.11472004180907161,
height,12,13,normal,0.07923048477912299,0.10746655392151414,
yaw,12,13,normal,0.0036844241731456,0.04832976396984005,
width,12,13,normal,0.001701436532707677,0.38958522856381483,
length,12,13,normal,-0.08012867612905691,0.17236508247766644,
box_height,12,13,normal,-0.029019654405748455,0.20133717054998057,
distal,13,14,normal,0.0036616588986757032,0.18183319076158977,
perpendicular,13,14,normal,0.014140480864850044,0.1309080111718559,
height,13,14,normal,0.07278535441709649,0.10374348360951903,
yaw,13,14,normal,0.005265775291711493,0.05559466306802532,
width,13,14,normal,0.03779468030995078,0.4061335987743524,
length,13,14,normal,-0.11104256649753569,0.18828934445498452,
box_height,13,14,normal,-0.023199358055082303,0.1806655856146946,
distal,14,15,normal,-0.010465958215554854,0.22533665890138427,
perpendicular,14,15,normal,0.016942786895997992,0.15137010395483602,
height,14,15,normal,0.06917127921900108,0.11264747972447552,
yaw,14,15,normal,0.005030139352660728,0.04821221694287223,
width,14,15,normal,0.00891984107411506,0.43708519000475743,
length,14,15,normal,-0.08670959388134394,0.17839698831455206,
box_height,14,15,normal,-0.028416329327279034,0.20103701033257879,
distal,15,16,normal,0.015513167103556864,0.19693315867146285,
perpendicular,15,16,normal,-0.000940291900546697,0.10604433212812096,
height,15,16,normal,0.07878863608995604,0.10408543060928,
yaw,15,16,normal,4.317411124134343e-05,0.05608295126709726,
width,15,16,normal,0.02068827539638367,0.43049085054934755,
length,15,16,normal,-0.10166229493861008,0.19949661390973095,
box_height,15,16,normal,-0.0020993552144556314,0.18848047778466248,
distal,16,17,normal,-0.028657022373750004,0.20212574324881283,
perpendicular,16,17,normal,0.008041844838749725,0.1361349295441869,
height,16,17,normal,0.0634739225389365,0.12020780842552463,
yaw,16,17,normal,-0.009168579200009096,0.05514923728576621,
width,16,17,normal,0.003270579612965361,0.44524846784225175,
length,16,17,normal,-0.10703912142202282,0.1919303748184055,
box_height,16,17,normal,-0.00515879515480496,0.17093515571067638,
distal,17,18,normal,-0.013576357310334124,0.21198487015527703,
perpendicular,17,18,normal,-0.001753676065309504,0.10566589107655942,
height,17,18,normal,0.07968114419495236,0.1132792883110987,
yaw,17,18,normal,0.002192132271599662,0.047643928617566805,
width,17,18,normal,-0.0023535499570293446,0.3928804462147534,
length,17,18,normal,-0.06301362223546449,0.19733483990133438,
box_height,17,18,normal,-0.0319538109688813,0.2243988054261584,
distal,18,19,normal,-0.008707919045643173,0.17289057348191875,
perpendicular,18,19,normal,-0.017685531718923293,0.13958027348046384,
height,18,19,normal,0.09432400614506489,0.11571831679332913,
yaw,18,19,normal,0.005168354678726844,0.06371702646906892,
width,18,19,normal,-0.007191377820195378,0.3833310482286699,
length,18,19,normal,-0.10765061156814162,0.214688847874141,
box_height,18,19,normal,-0.022813275801168906,0.177363828099656,
distal,19,20,normal,0.018493137401284353,0.19249706421354357,
perpendicular,19,20,normal,0.009518705539876849,0.12710022217528777,
height,19,20,normal,0.09004569201233288,0.12042948222747343,
yaw,19,20,normal,0.0036683597357085617,0.060249887279712755,
width,19,20,normal,0.003676930301613447,0.41296036703472705,
length,19,20,normal,-0.0744164403888999,0.2267317985267757,
box_height,19,20,normal,-0.03442111509803512,0.24881520436841237,
distal,20,21,normal,-0.009220185408246907,0.1995797597792826,
perpendicular,20,21,normal,0.025937988602521857,0.10332420647347142,
height,20,21,normal,0.07903120332415162,0.11866269214373888,
yaw,20,21,normal,0.010440453389053245,0.05461767361035111,
width,20,21,normal,-0.0014440015642933146,0.38808523163710607,
length,20,21,normal,-0.04095930199775721,0.18075197484930167,
box_height,20,21,normal,0.023461891990743014,0.18147338171599364,
distal,21,22,normal,0.0390705609818545,0.19656049994427036,
perpendicular,21,22,normal,0.02006923499799624,0.11366124418495911,
height,21,22,normal,0.10601206396698128,0.1217260454732246,
yaw,21,22,normal,0.0029827342079486808,0.05528398678453874,
width,21,22,normal,0.0598436013261281,0.4343804334569432,
length,21,22,normal,-0.05144091346186217,0.17640251508807328,
box_height,21,22,normal,0.026073361196263755,0.17252086454836837,
distal,22,23,normal,0.03228079940647732,0.22493658415914472,
perpendicular,22,23,normal,0.017754253792405507,0.13093177627698702,
height,22,23,normal,0.11118053845595434,0.12870720363106505,
yaw,22,23,normal,-0.0018144001679263003,0.06262997362324248,
width,22,23,normal,0.06606298655881143,0.4908466598345473,
length,22,23,normal,-0.05121714177237433,0.21362603147472914,
box_height,22,23,normal,0.029651862199146443,0.2001129667766147,
distal,23,24,normal,0.05272151911199262,0.22645473995424595,
perpendicular,23,24,normal,0.029040907452046284,0.141404267120027,
height,23,24,normal,0.10821602711845728,0.11876941739130044,
yaw,23,24,normal,0.008420326192195836,0.06276815321818369,
width,23,24,normal,0.11389100516831897,0.476612222517203,
length,23,24,normal,-0.048536859308494176,0.2022425160202778,
box_height,23,24,normal,0.026162799901211176,0.18610965163917803,
distal,24,25,normal,0.02659931554846769,0.23018787596983975,
perpendicular,24,25,normal,-0.004865802597614859,0.1280324961894875,
height,24,25,normal,0.116334288677885,0.12388255984693106,
yaw,24,25,normal,0.0008762245236233084,0.06508899898522119,
width,24,25,normal,0.08941358338742361,0.488923871837686,
length,24,25,normal,-0.0544096227472426,0.19772177491743,
box_height,24,25,normal,0.02481223374532667,0.1945340054769095,
distal,25,26,normal,0.04605736448399432,0.20715933644096898,
perpendicular,25,26,normal,0.01009821862162329,0.1532464049968653,
height,25,26,normal,0.10182832228416186,0.12454145903211637,
yaw,25,26,normal,-0.00429934436800088,0.0646908490802489,
width,25,26,normal,0.05676804472995896,0.4515366664632922,
length,25,26,normal,-0.04449699540398218,0.18900988732376955,
box_height,25,26,normal,0.050909957640029,0.19454469646678435,
distal,26,27,normal,0.02742540626649872,0.22803238440328782,
perpendicular,26,27,normal,0.01151791931231701,0.126593138946383,
height,26,27,normal,0.1126514684794278,0.13084257548501774,
yaw,26,27,normal,0.0020057471722695914,0.054384640518532375,
width,26,27,normal,0.04122545338910202,0.469517127763752,
length,26,27,normal,-0.04323114447405773,0.19288832198049738,
box_height,26,27,normal,0.0065777470986244126,0.202907191709269,
distal,27,28,normal,0.029264194600204393,0.23085006689943302,
perpendicular,27,28,normal,0.0006828292279424943,0.14728228220513864,
height,27,28,normal,0.1131877673712058,0.1321162651402264,
yaw,27,28,normal,0.003391192532249662,0.06211599684778885,
width,27,28,normal,0.06060123426029665,0.4614984401312545,
length,27,28,normal,-0.049361621249805795,0.19191070157612455,
box_height,27,28,normal,0.040305778083988726,0.18501571036969733,
distal,28,29,normal,-0.02040941086298571,0.3015750828143244,
perpendicular,28,29,normal,0.018181506097098177,0.13469932025952644,
height,28,29,normal,0.11031499185482516,0.13215157405457686,
yaw,28,29,normal,0.0020779392234699327,0.06120839608816714,
width,28,29,normal,0.018274644383431227,0.6116374589958294,
length,28,29,normal,-0.08249401635673317,0.19547738620648997,
box_height,28,29,normal,0.01757632812133757,0.1757775617780412,
distal,29,30,normal,0.050678458423006986,0.2562953877087814,
perpendicular,29,30,normal,-0.008615005101161585,0.14966159822204783,
height,29,30,normal,0.12824483898150152,0.13810620454233577,
yaw,29,30,normal,0.004477870745723796,0.06211242138980384,
width,29,30,normal,0.10226170969105954,0.5381022720887016,
length,29,30,normal,-0.05332570452548053,0.2092281029750148,
box_height,29,30,normal,0.02609238839749487,0.18655390918245687,
distal,30,31,normal,0.046437391982462536,0.2386621356617724,
perpendicular,30,31,normal,-0.01431399692650034,0.13644584652657044,
height,30,31,normal,0.15011254097342686,0.12834350059667754,
yaw,30,31,normal,0.003896247931254697,0.06603800104899707,
width,30,31,normal,0.0745288339480717,0.46294368141891384,
length,30,31,normal,-0.04245814836018713,0.22259664318247913,
box_height,30,31,normal,0.06000718087789852,0.18969969164851747,
distal,31,32,normal,0.032636426125028636,0.24687407111152718,
perpendicular,31,32,normal,-0.00041356080551494754,0.13243784178866988,
height,31,32,normal,0.1544819392161671,0.1356418688727896,
yaw,31,32,normal,0.00018130923763604246,0.06587542458524555,
width,31,32,normal,0.0724312347286762,0.47681455508125364,
length,31,32,normal,-0.04031731414439555,0.2059283729282852,
box_height,31,32,normal,0.04714902839686489,0.19024743318969153,
distal,32,33,normal,0.029147473469619958,0.24754527113847785,
perpendicular,32,33,normal,0.0033624822952104043,0.13124118583091682,
height,32,33,normal,0.16827848072511603,0.1412665924039752,
yaw,32,33,normal,0.0013981699443018677,0.06650364626750056,
width,32,33,normal,0.06510008370404399,0.4853967443739996,
length,32,33,normal,-0.03277251662978207,0.20510918298134861,
box_height,32,33,normal,0.042931194190519405,0.1924785492707937,
distal,33,34,normal,0.0430036306959877,0.2520948180163406,
perpendicular,33,34,normal,0.006350525866691555,0.19351767728056105,
height,33,34,normal,0.16459198336209574,0.14897442679604533,
yaw,33,34,normal,0.002471159084714402,0.061842612076080786,
width,33,34,normal,0.06589254731944838,0.5799845228524532,
length,33,34,normal,-0.03627667472257066,0.24059205964060676,
box_height,33,34,normal,0.04438893109966363,0.1939495814279671,
distal,34,35,normal,0.03443583606096071,0.24876519473108522,
perpendicular,34,35,normal,-0.004865002829856809,0.1375385959289633,
height,34,35,normal,0.15718294474123404,0.15282522314417102,
yaw,34,35,normal,-0.0008655671785216196,0.07336577704043717,
width,34,35,normal,0.06359611570854422,0.5196177036609171,
length,34,35,normal,-0.04470242792091827,0.21391923475573416,
box_height,34,35,normal,0.05177193831810489,0.18864522770430128,
distal,35,36,normal,0.04082375914261148,0.2626729865125952,
perpendicular,35,36,normal,-0.00555956549587204,0.14708704828587496,
height,35,36,normal,0.1595738615023488,0.15137877157205396,
yaw,35,36,normal,0.0027276458318839284,0.07499176522907207,
width,35,36,normal,0.08340276936833244,0.5680958911720051,
length,35,36,normal,-0.03197182800366303,0.21135678621288922,
box_height,35,36,normal,0.03235999383019533,0.19257791241312966,
distal,36,37,normal,0.05168181925139243,0.24919465613433892,
perpendicular,36,37,normal,-0.0044913360560837326,0.1406906754307438,
height,36,37,normal,0.14623963355556502,0.1492120079745493,
yaw,36,37,normal,0.0031303552855840274,0.07240738128267633,
width,36,37,normal,0.11167574650550635,0.4797255340275136,
length,36,37,normal,-0.03653953302833909,0.2071078770837251,
box_height,36,37,normal,0.02751549408075802,0.2176553558839061,
distal,37,38,normal,0.07179229056058183,0.2948866591627693,
perpendicular,37,38,normal,-0.008699138461378,0.14829437016779323,
height,37,38,normal,0.14918729249978263,0.15341007273218676,
yaw,37,38,normal,0.004578912688994004,0.07631065342610444,
width,37,38,normal,0.14650113307860332,0.6326459574455082,
length,37,38,normal,-0.03701565774486678,0.28244633961904786,
box_height,37,38,normal,0.014695314587382678,0.2068555809227346,
distal,38,39,normal,0.0745429330564542,0.26267540233570885,
perpendicular,38,39,normal,-0.004413929810994577,0.1425401051279874,
height,38,39,normal,0.15697687051110107,0.1569174156739725,
yaw,38,39,normal,0.004267170263247828,0.07680648267290809,
width,38,39,normal,0.13480154103062852,0.5475666294666334,
length,38,39,normal,-0.0158446978902285,0.20468804627419512,
box_height,38,39,normal,0.048102729515515294,0.21964095760005245,
distal,39,40,normal,0.06539413268497399,0.2544344433313856,
perpendicular,39,40,normal,0.01459049191041941,0.14435182690092735,
height,39,40,normal,0.16569741678926594,0.15045065599461815,
yaw,39,40,normal,0.002593762641159274,0.07440860412943019,
width,39,40,normal,0.13334533322429734,0.5426060828289814,
length,39,40,normal,-0.02889206042805758,0.19584025572039207,
box_height,39,40,normal,0.03800377353989467,0.2060460347107455,
distal,40,41,normal,0.04069245955108086,0.25070570470981446,
perpendicular,40,41,normal,0.008173715017589284,0.14394260809551315,
height,40,41,normal,0.1763280177663056,0.15985515410684606,
yaw,40,41,normal,0.003816796972441523,0.07698772888246373,
width,40,41,normal,0.07348980521226173,0.49555028230639914,
length,40,41,normal,-0.03475571370621302,0.20561390730215723,
box_height,40,41,normal,0.03770352793732839,0.21282084723324127,
distal,41,42,normal,0.024819378293176694,0.2708394515586336,
perpendicular,41,42,normal,0.00858866240033827,0.146508166000723,
height,41,42,normal,0.17808827623612794,0.16232235643494228,
yaw,41,42,normal,0.005230412548648042,0.07497827566281758,
width,41,42,normal,0.030675563628339363,0.53276365105992,
length,41,42,normal,-0.04207292482298943,0.2195524108248265,
box_height,41,42,normal,0.02790354970257347,0.2178115092462002,
distal,42,43,normal,0.03864222244126121,0.24978976346717383,
perpendicular,42,43,normal,0.005789555762567795,0.14831925579435104,
height,42,43,normal,0.17649008777266126,0.1643525467598514,
yaw,42,43,normal,-0.0005848188977209876,0.08261720292230337,
width,42,43,normal,0.05338479627700437,0.5403884925097695,
length,42,43,normal,-0.03938557062905783,0.21987408946772538,
box_height,42,43,normal,0.03199247088321857,0.23503453578816683,
distal,43,44,normal,0.03463608943505987,0.24820308878854958,
perpendicular,43,44,normal,0.002368093165315044,0.15807464604376545,
height,43,44,normal,0.15950111774828238,0.17338481796481692,
yaw,43,44,normal,0.004822571488841497,0.06962295001486245,
width,43,44,normal,0.04099908263456365,0.5156693851045846,
length,43,44,normal,-0.05017785012897495,0.19869491222842486,
box_height,43,44,normal,0.00794369151945554,0.26494775275594246,
distal,44,45,normal,0.03781176876444712,0.23973474675102976,
perpendicular,44,45,normal,0.006856577976856124,0.15868666876931486,
height,44,45,normal,0.17658283091294966,0.16134156954252843,
yaw,44,45,normal,0.0061484167918811105,0.06979025692229465,
width,44,45,normal,0.07017938763033481,0.5010959099380303,
length,44,45,normal,-0.03210506403313035,0.19977270573673217,
box_height,44,45,normal,0.037278933974363784,0.23124235128774856,
distal,45,46,normal,0.011961433551085126,0.2535140008907834,
perpendicular,45,46,normal,0.007777415369923155,0.16500066078696327,
height,45,46,normal,0.17303627873248312,0.16932468985754526,
yaw,45,46,normal,0.010997057470463378,0.07697968303565253,
width,45,46,normal,0.01739849154891405,0.49239105455133264,
length,45,46,normal,-0.04844468725242655,0.20060644628643343,
box_height,45,46,normal,-0.008162070815505419,0.2451374760258556,
distal,46,47,normal,0.022263379301018377,0.2526613294369823,
perpendicular,46,47,normal,0.017550176453135155,0.14930959719156484,
height,46,47,normal,0.16507179163366298,0.1781024996544765,
yaw,46,47,normal,0.004577265202224761,0.07221672312723973,
width,46,47,normal,0.006686784455559953,0.5150423960494018,
length,46,47,normal,-0.023554253525115677,0.22240421425752202,
box_height,46,47,normal,-0.0007079876855670842,0.2507733118251007,
distal,47,48,normal,0.023132411692154783,0.2653963227875453,
perpendicular,47,48,normal,0.018599680877730035,0.15943894944800896,
height,47,48,normal,0.19932451286184824,0.18491939383852965,
yaw,47,48,normal,0.007258534202528679,0.10064425125618465,
width,47,48,normal,0.03214250369505449,0.5456973830720779,
length,47,48,normal,-0.05023030259392478,0.20011244232981146,
box_height,47,48,normal,-0.0032324468358626577,0.2416065399308184,
distal,48,49,normal,0.02526649514434199,0.24295708284006712,
perpendicular,48,49,normal,0.01689859700330899,0.15054039167898825,
height,48,49,normal,0.156906976938237,0.16241140781717736,
yaw,48,49,normal,0.00957309116330279,0.08959256607192181,
width,48,49,normal,-0.058301419849802014,0.5415585520043192,
length,48,49,normal,-0.08316430324156515,0.21554295229744405,
box_height,48,49,normal,-0.01608697232621931,0.24970647517400887,
distal,49,50,normal,0.054599202479846946,0.2552692923145409,
perpendicular,49,50,normal,0.013117884447918046,0.16605171126073268,
height,49,50,normal,0.16277894545750235,0.1721134811541963,
yaw,49,50,normal,-0.00016412245494540036,0.1042646291701382,
width,49,50,normal,0.08909496768008357,0.5450973037095042,
length,49,50,normal,-0.03995163411373413,0.2386593486896358,
box_height,49,50,normal,0.03692799174583091,0.24301582467289026,
distal,50,51,normal,0.051512785494652116,0.2692409452946718,
perpendicular,50,51,normal,0.011295218671497706,0.1669243636803713,
height,50,51,normal,0.15408895755171112,0.17520270015535144,
yaw,50,51,normal,0.004183601797130818,0.08942285243814702,
width,50,51,normal,0.0839309583633391,0.538271380481212,
length,50,51,normal,-0.020041009509795888,0.2084312121927163,
box_height,50,51,normal,0.029335498394740325,0.26010325901336273,
distal,51,52,normal,0.04992889958056744,0.27853787868208085,
perpendicular,51,52,normal,0.019653423334479767,0.16647266127490515,
height,51,52,normal,0.12558228438784336,0.19293759734501734,
yaw,51,52,normal,0.004007282760634973,0.09333443829499952,
width,51,52,normal,0.07161418133768542,0.6014799089759633,
length,51,52,normal,-0.04402234176109577,0.2149124915202459,
box_height,51,52,normal,0.047958945652534224,0.27260546979029676,
distal,52,53,normal,0.02833674347604442,0.2905896082451119,
perpendicular,52,53,normal,0.020633488144308577,0.17527106825439565,
height,52,53,normal,0.14209392019391157,0.18195924048097267,
yaw,52,53,normal,0.002650437886073914,0.08608209057043212,
width,52,53,normal,0.0196668359708044,0.6144296328317468,
length,52,53,normal,-0.04637619806644274,0.2001236187425695,
box_height,52,53,normal,0.04836068604443524,0.2718823117284867,
distal,53,54,normal,-0.06444831608274343,0.30095047259661345,
perpendicular,53,54,normal,-0.020076150305934095,0.18764051024586037,
height,53,54,normal,0.05864714562127597,0.23342600949133008,
yaw,53,54,normal,0.006470558637459821,0.07601751490904728,
width,53,54,normal,-0.03074952284735135,0.5476015642411439,
length,53,54,normal,-0.03269006739570295,0.19313182198733547,
box_height,53,54,normal,0.10003184993101391,0.32152708341211866,
distal,54,55,normal,0.04565445769582689,0.2912738869545412,
perpendicular,54,55,normal,0.01354039163392922,0.18030280881946356,
height,54,55,normal,0.13514765077756227,0.1865951410614434,
yaw,54,55,normal,0.008430050146129504,0.09125939353446835,
width,54,55,normal,0.0207057759805691,0.5965263714558832,
length,54,55,normal,-0.03174847669152882,0.2063664768220348,
box_height,54,55,normal,0.03478540684304111,0.27622741181666405,
distal,55,56,normal,0.048614349647048014,0.2805936301073259,
perpendicular,55,56,normal,0.0017824650169036328,0.1725324557099691,
height,55,56,normal,0.11185354297305201,0.18960181521349267,
yaw,55,56,normal,0.0012212663397328004,0.1007006205771922,
width,55,56,normal,0.04559996783078372,0.5751735279143257,
length,55,56,normal,-0.048486678023914716,0.21817673838720758,
box_height,55,56,normal,0.02906866545205588,0.30038220464766757,
distal,56,57,normal,0.048397958115804586,0.26140142701591434,
perpendicular,56,57,normal,0.0019677832149589836,0.17458649661916267,
height,56,57,normal,0.12992247301353949,0.18548350022602803,
yaw,56,57,normal,-0.011001520480072064,0.08754389057288935,
width,56,57,normal,0.020331045476401726,0.520059155601034,
length,56,57,normal,-0.05462503765518242,0.2141968194331648,
box_height,56,57,normal,0.031909020381799005,0.29859782618161623,
distal,57,58,normal,0.06116815380831377,0.28660149015125874,
perpendicular,57,58,normal,0.030727104736153442,0.1999754501334554,
height,57,58,normal,0.11118492903318308,0.1908103755294217,
yaw,57,58,normal,0.0037098173835690253,0.09067387916492681,
width,57,58,normal,0.1037902645036286,0.5452904578171017,
length,57,58,normal,-0.06502594567146622,0.2276322607627994,
box_height,57,58,normal,0.07320540475578201,0.2895191156604872,
distal,58,59,normal,0.07534354835513427,0.28613361253234837,
perpendicular,58,59,normal,0.004867142560553068,0.19144913184813223,
height,58,59,normal,0.11966113098396743,0.19315842147486859,
yaw,58,59,normal,0.0033391580636005017,0.08551944975909899,
width,58,59,normal,0.12716476700522683,0.5450906494361427,
length,58,59,normal,-0.0375962791364055,0.23130356386315382,
box_height,58,59,normal,0.1042189158683966,0.2855216881541077,
distal,59,60,normal,0.058354974590041755,0.28343903249006674,
perpendicular,59,60,normal,0.005367309346216661,0.18197383851541898,
height,59,60,normal,0.10833918097899575,0.187879151547158,
yaw,59,60,normal,-0.0029086394342905716,0.0889337489490903,
width,59,60,normal,0.07401669783642773,0.5737121515110893,
length,59,60,normal,-0.051316340272923665,0.24309112428006882,
box_height,59,60,normal,0.10450647997771893,0.27286308905710327,
distal,60,61,normal,0.0748406514207466,0.3246679002055051,
perpendicular,60,61,normal,0.000298809518590931,0.1885218539559346,
height,60,61,normal,0.11017387733557149,0.19343002089082667,
yaw,60,61,normal,-0.003393526795385197,0.11052814625225765,
width,60,61,normal,0.04979915636655782,0.6323933477825159,
length,60,61,normal,-0.052772663159077395,0.2573911047407494,
box_height,60,61,normal,0.0829544842132199,0.304751127467706,
distal,61,62,normal,0.1772504304857114,0.30386791793188694,
perpendicular,61,62,normal,0.12756657632747662,0.2674105185604052,
height,61,62,normal,0.13677302974565275,0.18960149184807137,
yaw,61,62,normal,0.003576129149352841,0.07991523035637864,
width,61,62,normal,0.35022363564063763,0.655544154331023,
length,61,62,normal,0.0769057768788831,0.28512547688414497,
box_height,61,62,normal,0.19539315716973665,0.32479947167644657,
distal,62,63,normal,0.07502618148483939,0.3064097719478243,
perpendicular,62,63,normal,0.00546555020158606,0.19755353493628922,
height,62,63,normal,0.1307487915718032,0.18229712419299351,
yaw,62,63,normal,0.006452833197843179,0.11872721202124767,
width,62,63,normal,0.0922639655495832,0.5977055818799472,
length,62,63,normal,-0.05025366323436806,0.2537241066574136,
box_height,62,63,normal,0.12214523399185516,0.27410670366946654,
distal,63,64,normal,0.07283906113438944,0.3003209129755131,
perpendicular,63,64,normal,-0.0010749428181746014,0.20813966080708793,
height,63,64,normal,0.11698815582350917,0.19490678445517606,
yaw,63,64,normal,-0.0044343222688860645,0.09470438323978737,
width,63,64,normal,0.050280853366175444,0.5908111393444242,
length,63,64,normal,-0.06027785373354071,0.23947018840676731,
box_height,63,64,normal,0.11645742623800363,0.2819523870926061,
distal,64,65,normal,0.025381126838146886,0.24227307981876212,
perpendicular,64,65,normal,-0.009264158582587114,0.17590089994349697,
height,64,65,normal,0.018647610102915654,0.19128675967967473,
yaw,64,65,normal,0.014163053353500987,0.09726519709154804,
width,64,65,normal,0.009843552094323712,0.46305117202093865,
length,64,65,normal,0.039109153185285066,0.23488250103185382,
box_height,64,65,normal,0.20185922554039482,0.2975965412542028,
distal,65,66,normal,0.10226832597190712,0.32059874140269506,
perpendicular,65,66,normal,-0.009076869081861458,0.21047642043126852,
height,65,66,normal,0.08072029157645172,0.1929584985228472,
yaw,65,66,normal,0.0013916736919939896,0.0962896342871105,
width,65,66,normal,0.10254964563581678,0.6174992862949863,
length,65,66,normal,-0.04770667896126256,0.26168135830992284,
box_height,65,66,normal,0.10168400647664311,0.31867455287578733,
distal,66,67,normal,0.12942027241353157,0.32035068400286076,
perpendicular,66,67,normal,-0.008349506427081758,0.20946463996250667,
height,66,67,normal,0.10919285508653075,0.19082110315222423,
yaw,66,67,normal,0.001267964101615567,0.09854073724635314,
width,66,67,normal,0.15772735452797798,0.6020585135530451,
length,66,67,normal,-0.02143848270451257,0.2420877649422749,
box_height,66,67,normal,0.16464788541881317,0.2920663521787621,
distal,67,68,normal,0.02135743722740792,0.32337994569919165,
perpendicular,67,68,normal,-0.02567662456784875,0.16037948463737417,
height,67,68,normal,0.08546446131953558,0.19016919131387952,
yaw,67,68,normal,0.012016684815930592,0.08121494639781555,
width,67,68,normal,-0.10393661208999105,0.5928550963196464,
length,67,68,normal,-0.2698528098337578,0.3760254392839541,
box_height,67,68,normal,0.2536584616223455,0.36303911931688043,
distal,68,69,normal,-0.0964273467098406,0.2799478621027599,
perpendicular,68,69,normal,0.0833489718416236,0.24807617239844837,
height,68,69,normal,0.08427631372710069,0.21467801449761711,
yaw,68,69,normal,0.037398612290607744,0.10014629068609043,
width,68,69,normal,-0.12150021966298422,0.5149189470912158,
length,68,69,normal,-0.204659183661143,0.3558696651969949,
box_height,68,69,normal,0.08000229899088541,0.24550602447558012,
distal,69,70,normal,0.0507474173571888,0.3192427776961512,
perpendicular,69,70,normal,0.006628715572976622,0.1970049154069077,
height,69,70,normal,0.08745153511271757,0.22067390419584743,
yaw,69,70,normal,0.012055859368507903,0.09171088548441592,
width,69,70,normal,0.05287697122377508,0.6237907993117222,
length,69,70,normal,-0.025300271809101105,0.2669429757451302,
box_height,69,70,normal,0.13880205987130895,0.2773203709444228,
distal,70,71,normal,0.10885654956294982,0.3312475443562314,
perpendicular,70,71,normal,0.012425488322364458,0.21370182854599098,
height,70,71,normal,0.0717708138247014,0.21305015637362132,
yaw,70,71,normal,-7.472611374574858e-05,0.09522232167343993,
width,70,71,normal,0.13835351856042308,0.6479701537507452,
length,70,71,normal,-0.02778464471194761,0.29744320329149193,
box_height,70,71,normal,0.12089386518965377,0.30493252744072985,
distal,71,72,normal,0.06679099383643304,0.312900285347257,
perpendicular,71,72,normal,0.011626100153842214,0.19778969640276298,
height,71,72,normal,0.0354311822308784,0.20636706838023028,
yaw,71,72,normal,0.012530658071985609,0.08471409538065365,
width,71,72,normal,0.17363716691613673,0.6512940524127728,
length,71,72,normal,-0.018757835327391604,0.2634305084526645,
box_height,71,72,normal,0.13266014577858,0.2855150118197424,
distal,72,73,normal,0.09234894606272961,0.29601063762711105,
perpendicular,72,73,normal,0.015973306702570116,0.20488355285129348,
height,72,73,normal,0.047714690512338696,0.19807311787645704,
yaw,72,73,normal,0.004150698931208053,0.10053179064665155,
width,72,73,normal,0.18497858264229514,0.605293629402905,
length,72,73,normal,-0.01923270166412858,0.23851434795219417,
box_height,72,73,normal,0.1444006911979234,0.2813462320149002,
distal,73,74,normal,0.08684881431946773,0.28391489387843094,
perpendicular,73,74,normal,0.03953185937251154,0.1962407066171919,
height,73,74,normal,0.03535419617676073,0.21654144115854787,
yaw,73,74,normal,0.006671483497687392,0.08959845790885677,
width,73,74,normal,0.19167891184488933,0.518948259992739,
length,73,74,normal,-0.008670436011420356,0.2297837619762206,
box_height,73,74,normal,0.1436820019616021,0.2816773663206482,
distal,74,75,normal,0.06982249154861418,0.379916274432592,
perpendicular,74,75,normal,0.030500981740970348,0.20471867141136607,
height,74,75,normal,0.05654761263316399,0.2030111779151038,
yaw,74,75,normal,0.01378761050956377,0.10310986574899507,
width,74,75,normal,0.11638128631993344,0.7987527349885396,
length,74,75,normal,0.005957623531943873,0.27291092583487975,
box_height,74,75,normal,0.1298268060935171,0.267913183739716,
distal,75,76,normal,0.11379426851415267,0.3463633228755146,
perpendicular,75,76,normal,0.02151193798903076,0.20821439209617792,
height,75,76,normal,0.055985338142069664,0.18621306120316058,
yaw,75,76,normal,-0.008871836594708225,0.0926481733888931,
width,75,76,normal,0.09645668446029747,0.6400208517904827,
length,75,76,normal,-0.03387049614395226,0.24793990634354726,
box_height,75,76,normal,0.12906693951201043,0.2869570823208165,
distal,76,77,normal,0.12178836205711967,0.29222864019178263,
perpendicular,76,77,normal,-0.0022343005608817202,0.21030876607429058,
height,76,77,normal,0.05672908324647594,0.20487098600486792,
yaw,76,77,normal,0.01111694903870701,0.10876450739503701,
width,76,77,normal,0.1648316306036872,0.5250172170738455,
length,76,77,normal,-0.014558201867180902,0.27079319451589096,
box_height,76,77,normal,0.14156207265080634,0.27098628115811707,
distal,77,78,normal,0.05946587094137251,0.384170727730603,
perpendicular,77,78,normal,-0.0027332028450653073,0.19764093216608244,
height,77,78,normal,0.03604475185275078,0.25676142967941135,
yaw,77,78,normal,-0.00024934821963351617,0.08573997666501039,
width,77,78,normal,0.06863080561161042,0.7458943103213712,
length,77,78,normal,-0.09553643092513084,0.2574704654072977,
box_height,77,78,normal,0.16682182550430297,0.3236026827385563,
distal,78,79,normal,0.08321333302786502,0.2964752587820333,
perpendicular,78,79,normal,0.02537174729555715,0.21100692395237491,
height,78,79,normal,0.07191686491881098,0.23671334364914925,
yaw,78,79,normal,0.0015306339375783043,0.09747204352050784,
width,78,79,normal,0.15844116466385977,0.5798331844856865,
length,78,79,normal,-0.041357130521819704,0.25507123391895714,
box_height,78,79,normal,0.2065626240911938,0.3053757746123737,
distal,79,80,normal,0.05158607252130939,0.24883837427363106,
perpendicular,79,80,normal,-0.0457449530442737,0.23859054028609386,
height,79,80,normal,0.12009513517602896,0.2305669454983228,
yaw,79,80,normal,0.0005402128596075274,0.07651571700465665,
width,79,80,normal,0.19584054213303786,0.49383244443723423,
length,79,80,normal,0.10330637968503512,0.2571681992796769,
box_height,79,80,normal,0.20218839278587927,0.2777143697651837,
distal,80,81,normal,0.03491804169704423,0.3255282544493449,
perpendicular,80,81,normal,-0.04517193203400693,0.26836362721901574,
height,80,81,normal,0.041998183745290005,0.2686162934008378,
yaw,80,81,normal,0.011282304581547567,0.08972870463191034,
width,80,81,normal,0.10739012495163948,0.6668033953585916,
length,80,81,normal,-0.0021534917816039053,0.2321650802769387,
box_height,80,81,normal,0.16992684429691685,0.2531860951918605,
distal,81,82,normal,0.07524257094850176,0.322514905019729,
perpendicular,81,82,normal,0.0018690662744374792,0.23602513831679048,
height,81,82,normal,0.04787229019994578,0.22018762806569764,
yaw,81,82,normal,-0.0010241121751649184,0.09798825439179519,
width,81,82,normal,0.18060021558083778,0.6091205608277446,
length,81,82,normal,-0.01818926866389503,0.21264956766608484,
box_height,81,82,normal,0.207384338063642,0.2811990884954849,
distal,82,83,normal,0.11924502450051762,0.35177950568933647,
perpendicular,82,83,normal,0.01845281385668127,0.19049890022404153,
height,82,83,normal,0.007845379281462285,0.24880240776951054,
yaw,82,83,normal,0.014037417912112696,0.08163857462449772,
width,82,83,normal,0.1277005714282655,0.709171003809718,
length,82,83,normal,-0.02058729895374231,0.21915359551173247,
box_height,82,83,normal,0.18087576774128697,0.2717113922528186,
distal,83,84,normal,0.06414204565241105,0.3490650163005422,
perpendicular,83,84,normal,-0.011015851291071518,0.2266028140200606,
height,83,84,normal,0.032368525180338635,0.21878432493032027,
yaw,83,84,normal,0.002337550887390829,0.09011889705835562,
width,83,84,normal,0.11178361071218358,0.778434778950676,
length,83,84,normal,-0.03273423827520692,0.23075115316076464,
box_height,83,84,normal,0.147438382158185,0.2707842996159742,
distal,84,85,normal,0.07905806303773912,0.3349405203150626,
perpendicular,84,85,normal,-0.03628486217611821,0.1918477783575709,
height,84,85,normal,0.06391744737119712,0.24377967056920472,
yaw,84,85,normal,-0.008851769620197323,0.09500009616222868,
width,84,85,normal,0.11043262235897104,0.7141015799192634,
length,84,85,normal,-0.020458414382541302,0.1934093328145834,
box_height,84,85,normal,0.17317940402276738,0.2878158067378822,
distal,85,86,normal,0.10130078257256177,0.30840272213138836,
perpendicular,85,86,normal,0.0056253189742668875,0.22101282816365206,
height,85,86,normal,0.09401303921875201,0.23633144278614063,
yaw,85,86,normal,0.0019165055556712967,0.09808783635268468,
width,85,86,normal,0.19452822333888004,0.6149838317815961,
length,85,86,normal,-0.011460866426166736,0.23885822449629163,
box_height,85,86,normal,0.20024982126135576,0.22695470870843834,
distal,86,87,normal,0.05193892781193116,0.3291347127723897,
perpendicular,86,87,normal,0.027613802226795717,0.23321793369803495,
height,86,87,normal,-0.008401856516246442,0.2518324607941285,
yaw,86,87,normal,-0.005807750152186716,0.09160858853120718,
width,86,87,normal,0.18822076806315668,0.7069233644678403,
length,86,87,normal,-0.006030377414491441,0.23959494107383061,
box_height,86,87,normal,0.16420692205429077,0.26946006869931943,
distal,87,88,normal,0.045780755031837574,0.36332039482962875,
perpendicular,87,88,normal,0.025293001936710358,0.27623008614618916,
height,87,88,normal,0.01561779872729228,0.2639083163640299,
yaw,87,88,normal,-0.004802391160862962,0.08800104673410362,
width,87,88,normal,0.18310599012689277,0.661586251758521,
length,87,88,normal,-0.03310878591223077,0.258273752965929,
box_height,87,88,normal,0.14504657210884514,0.285301634329594,
distal,88,89,normal,-0.05466668938724473,0.32368824556185055,
perpendicular,88,89,normal,0.011475279374983702,0.20946503730295507,
height,88,89,normal,-0.01064218659149973,0.25557856796598993,
yaw,88,89,normal,0.010121226378321052,0.07893205534165189,
width,88,89,normal,0.08651276997157506,0.6577310057148618,
length,88,89,normal,-0.04103344634063262,0.23567801834337918,
box_height,88,89,normal,0.1063843732489679,0.25844020478218027,
distal,89,90,normal,0.04292754033387218,0.33576514297920035,
perpendicular,89,90,normal,-0.04168056739992228,0.23393253528235114,
height,89,90,normal,-0.007023165947285252,0.26184139781088656,
yaw,89,90,normal,-0.009643885379922161,0.08716048853082449,
width,89,90,normal,0.22055322190989618,0.8513417920195627,
length,89,90,normal,0.03157071272532145,0.27086195847111116,
box_height,89,90,normal,0.1627128245174021,0.2501554747611117,
distal,90,91,normal,0.011571509071228465,0.36350861543083807,
perpendicular,90,91,normal,0.02637039825207826,0.21913201468991134,
height,90,91,normal,-0.0017035199720182536,0.2809153621486428,
yaw,90,91,normal,-0.007026231218578129,0.10706145612059477,
width,90,91,normal,0.1548194944122691,0.7304322906401125,
length,90,91,normal,-0.040149529774983726,0.25654096386908115,
box_height,90,91,normal,0.20589319717736893,0.2772230728564784,
distal,91,92,normal,0.0642344315562683,0.413442598688176,
perpendicular,91,92,normal,-0.019697468697093868,0.21977463674580414,
height,91,92,normal,0.002775536499161651,0.27330449249789734,
yaw,91,92,normal,-0.004139263268404515,0.09878356878439015,
width,91,92,normal,0.1566084053205407,0.886163241197525,
length,91,92,normal,0.033605912457341736,0.21821022395452738,
box_height,91,92,normal,0.20040806480076,0.2497267848025786,
distal,92,93,normal,0.026560622253425058,0.2792656703129187,
perpendicular,92,93,normal,-0.06638212844229179,0.18937936044814982,
height,92,93,normal,-0.0054264220536923875,0.26775858464729496,
yaw,92,93,normal,-0.003150792112545916,0.10704734267559829,
width,92,93,normal,0.27528852574965534,0.5682762445668965,
length,92,93,normal,0.020409088508755554,0.23900957557338887,
box_height,92,93,normal,0.16156186075771556,0.24026625215802555,
distal,93,94,normal,0.004781678805777616,0.34399578828008465,
perpendicular,93,94,normal,0.0048450419477497645,0.28122654502269223,
height,93,94,normal,0.029943914854755768,0.2376682291606482,
yaw,93,94,normal,0.0036989475643491795,0.09731343181564381,
width,93,94,normal,0.06238069534301758,0.6395991392000104,
length,93,94,normal,-0.044134226212134725,0.26036127934599573,
box_height,93,94,normal,0.16437491820408748,0.2196005417178205,
distal,94,95,normal,0.04045335331777054,0.26998933224307686,
perpendicular,94,95,normal,0.02629465348112275,0.31736023239106825,
height,94,95,normal,0.07034846058204061,0.2584168104390849,
yaw,94,95,normal,0.012036917155911108,0.08206348241777318,
width,94,95,normal,0.14402118940202016,0.5695494100930241,
length,94,95,normal,0.007366269353836301,0.22997960325106678,
box_height,94,95,normal,0.12846246409037756,0.2880408498875934,
distal,95,96,normal,-0.04283801692836433,0.27772253193186686,
perpendicular,95,96,normal,-0.04856179774547607,0.22130638269030573,
height,95,96,normal,0.04691027072460755,0.24808948012978838,
yaw,95,96,normal,-0.017005906885509882,0.08457672917259153,
width,95,96,normal,0.11671709496042003,0.5178782263550452,
length,95,96,normal,-0.016307903372723122,0.25392026209834434,
box_height,95,96,normal,0.14297979292662247,0.2808965462090385,
distal,96,97,normal,0.025403505199689026,0.2720198968664677,
perpendicular,96,97,normal,-0.03128617447426991,0.23685897957146693,
height,96,97,normal,0.07426109692702691,0.23416837799483792,
yaw,96,97,normal,-0.0164335658025135,0.10518840135051148,
width,96,97,normal,0.14776280522346497,0.7602372262551069,
length,96,97,normal,-0.008044297496477762,0.2809090847601761,
box_height,96,97,normal,0.14037301143010458,0.29980538178570093,
distal,97,98,normal,-0.0637129688820037,0.6128894130753603,
perpendicular,97,98,normal,-0.036261854354063476,0.24935780502818086,
height,97,98,normal,0.02630163656502235,0.25321464463862586,
yaw,97,98,normal,-0.020565624437715865,0.11385823856105896,
width,97,98,normal,-0.18144463329780391,1.2783415010027153,
length,97,98,normal,-0.05005082560748589,0.3006913253615953,
box_height,97,98,normal,0.09820879087215517,0.32431275296543705,
distal,98,99,normal,0.05276562261100903,0.35994952421241166,
perpendicular,98,99,normal,-0.0640071932268878,0.2605371036200067,
height,98,99,normal,0.08909709528088569,0.2671335254318048,
yaw,98,99,normal,-0.017501617024047622,0.10620010603558282,
width,98,99,normal,0.28671908378601074,0.8731150251926716,
length,98,99,normal,0.08616173565387726,0.2597678949762162,
box_height,98,99,normal,0.22984329760074615,0.3191618799753369,
distal,99,100,normal,-0.023517913594363095,0.4102394624136627,
perpendicular,99,100,normal,0.03765656875477623,0.2795362803649967,
height,99,100,normal,0.09454059180540916,0.24410220097821847,
yaw,99,100,normal,-0.013124578241641162,0.09548502783339229,
width,99,100,normal,0.16928529739379883,0.8374347311012432,
length,99,100,normal,0.0005795802825536483,0.2958855121209495,
box_height,99,100,normal,0.21389122498341095,0.32336502136302103,
distal,100,101,normal,-0.015548561433776762,0.43393929543986326,
perpendicular,100,101,normal,0.03663978633281303,0.1958296002339965,
height,100,101,normal,0.023563869297504425,0.27868252579034225,
yaw,100,101,normal,0.04294525346889484,0.10880859825353507,
width,100,101,normal,0.14322554703914758,0.9947520157876049,
length,100,101,normal,-0.001645485560099284,0.2589496127457239,
box_height,100,101,normal,0.2952156572630911,0.3302398961818372,
distal,101,102,normal,-0.10986240179558461,0.38561355645108303,
perpendicular,101,102,normal,0.031769199890570005,0.349748663484654,
height,101,102,normal,0.003023403882980347,0.20771303621467174,
yaw,101,102,normal,0.009612507424112238,0.054673173587617446,
width,101,102,normal,0.2084135627746582,0.7870886006162693,
length,101,102,normal,-0.012257823944091797,0.1965805264370161,
box_height,101,102,normal,0.20995232582092285,0.24852099908431483,
distal,102,103,normal,-0.004926579524732003,0.488671516091705,
perpendicular,102,103,normal,0.05283767193567561,0.21047385704839333,
height,102,103,normal,0.0701167623202006,0.26253333690669256,
yaw,102,103,normal,-0.04295229284176803,0.10803396914706125,
width,102,103,normal,0.12446301778157552,1.049591173221167,
length,102,103,normal,0.03563853899637858,0.32350747061363455,
box_height,102,103,normal,0.25766659577687584,0.29135624230846835,
distal,103,104,normal,0.1202698793936826,0.27548822080169727,
perpendicular,103,104,normal,0.22100186799023733,0.3308794667760106,
height,103,104,normal,0.0038823581793728996,0.2510386433427436,
yaw,103,104,normal,0.023015258962369414,0.05653955573970409,
width,103,104,normal,0.9056392557480756,1.143289884521675,
length,103,104,normal,0.04550553069395177,0.2569835718532129,
box_height,103,104,normal,0.4018341933979708,0.2700437641719254,
distal,104,105,normal,-0.061628249951906626,0.3149654855279828,
perpendicular,104,105,normal,0.03549948907358017,0.22345847469838775,
height,104,105,normal,0.06003568722651555,0.2795383104407922,
yaw,104,105,normal,0.0628386211135913,0.09749014125504857,
width,104,105,normal,0.38718746258662295,0.6277957597779036,
length,104,105,normal,-0.04990800527425913,0.19814719009510195,
box_height,104,105,normal,0.36748600006103516,0.21910973449971125,
distal,105,106,normal,0.05030084235236111,0.16176711912844438,
perpendicular,105,106,normal,0.40266485087294285,0.6111719070226377,
height,105,106,normal,-0.023570790886878967,0.21648829476622153,
yaw,105,106,normal,0.0015657246112823486,0.04896202773237082,
width,105,106,normal,1.2257059812545776,0.9301423410420698,
length,105,106,normal,0.17697131633758545,0.2893110536149545,
box_height,105,106,normal,0.5299548804759979,0.1415794094954382,
distal,106,107,normal,-0.1102258220774294,0.7403075273327576,
perpendicular,106,107,normal,-0.2896821488267031,0.6094535348442169,
height,106,107,normal,-0.042868614196777344,0.17813645750091409,
yaw,106,107,normal,0.025087349861860276,0.05341594581298847,
width,106,107,normal,0.06396927833557128,0.8594966160721365,
length,106,107,normal,-0.03772106170654297,0.1741035762284889,
box_height,106,107,normal,0.41749820709228513,0.20161786548011573,
distal,107,108,normal,0.12419033864832105,0.37824309124902694,
perpendicular,107,108,normal,-0.07969611117490494,0.263216362118843,
height,107,108,normal,0.023721861839294433,0.1622827660807035,
yaw,107,108,normal,-0.005956672132015228,0.04245136271993111,
width,107,108,normal,0.4196526527404785,0.6374545558965826,
length,107,108,normal,-0.005800819396972657,0.227950103368651,
box_height,107,108,normal,0.3672728776931763,0.1541765993022233,
distal,108,109,normal,0.009474270615909351,0.09643273708653134,
perpendicular,108,109,normal,0.19219337591756433,0.16071735416063201,
height,108,109,normal,-0.13821895917256674,0.07040114484554033,
yaw,108,109,normal,-0.002712885538736979,0.04357684874217451,
width,108,109,normal,0.7221084435780843,0.22818805612961773,
length,108,109,normal,-0.06750257809956868,0.25065172512192146,
box_height,108,109,normal,0.4023559093475342,0.11100130934904344,
distal,109,110,normal,-0.2670968535941171,0.2613188301824759,
perpendicular,109,110,normal,0.055651933901991434,0.23825991791904844,
height,109,110,normal,-0.006882627805074056,0.1275189099948097,
yaw,109,110,normal,-0.01078784465789795,0.02465997410555974,
width,109,110,normal,0.012017409006754557,0.1305107454423714,
length,109,110,normal,-0.1838496526082357,0.20975763790013127,
box_height,109,110,normal,0.20118260383605957,0.22993400591404767,
distal,110,111,normal,0.11238883117944747,0.20715382707516003,
perpendicular,110,111,normal,0.18923195696145367,0.09022741125936634,
height,110,111,normal,-0.22833494345347086,0.23087021918115333,
yaw,110,111,normal,0.025847623084204702,0.002929871029206416,
width,110,111,normal,1.0501399834950764,0.15359746228338234,
length,110,111,normal,-0.011849800745646158,0.03593752954067806,
box_height,110,111,normal,0.6997245152791342,0.34211500760345565,
distal,111,112,normal,-0.05860439835433724,0.2199967729495039,
perpendicular,111,112,normal,0.11784637034648418,0.24061191512709554,
height,111,112,normal,0.04249444603919983,0.12123665868151773,
yaw,111,112,normal,0.061312735080718994,0.08191194604022031,
width,111,112,normal,0.27286529541015625,0.6067412161735485,
length,111,112,normal,0.0064198970794677734,0.1904453526612839,
box_height,111,112,normal,0.5875838696956635,0.24405722410051697,
distal,112,113,normal,0.0651227017294318,0.23721243251311003,
perpendicular,112,113,normal,0.193968309676065,0.24616544326490358,
height,112,113,normal,-0.022019773721694946,0.20734326084428356,
yaw,112,113,normal,0.014546990394592285,0.055286901838265984,
width,112,113,normal,0.5458338856697083,0.5836676317427683,
length,112,113,normal,-0.025899052619934082,0.12431143398577721,
box_height,112,113,normal,0.6611756086349487,0.21609045139429925,
distal,113,114,normal,0.024595108949135847,0.01908417547227439,
perpendicular,113,114,normal,0.23647024850734624,0.09325408763641632,
height,113,114,normal,-0.04611700773239136,0.014676272869110107,
yaw,113,114,normal,0.061701297760009766,0.019971251487731934,
width,113,114,normal,0.9968383312225342,0.277146577835083,
length,113,114,normal,-0.025641918182373047,0.26022791862487793,
box_height,113,114,normal,0.6686838865280151,0.0007549524307250977,
distal,114,115,normal,-0.018453184280731286,0.03724071495014787,
perpendicular,114,115,normal,0.1084172002125436,0.10650429885880479,
height,114,115,normal,-0.16815175116062164,0.21473999881547207,
yaw,114,115,normal,0.09093581835494735,0.07037306128604248,
width,114,115,normal,0.7919265627861023,0.2194664473736593,
length,114,115,normal,-0.1125490665435791,0.15384592919923148,
box_height,114,115,normal,0.5220561921596527,0.25787802318409453,
distal,115,116,normal,-0.08059689430142128,0.045479326550409704,
perpendicular,115,116,normal,0.13368034284453312,0.051677531661916354,
height,115,116,normal,-0.29498761892318726,0.18493229150772095,
yaw,115,116,normal,0.02890413999557495,0.003002464771270752,
width,115,116,normal,0.8744332790374756,0.2140810489654541,
length,115,116,normal,-0.036525607109069824,0.2661625146865845,
box_height,115,116,normal,0.6299186944961548,0.05415666103363037,
distal,116,117,normal,0.005489110271728784,0.2205265753042691,
perpendicular,116,117,normal,0.1543568619178217,0.08021377729651538,
height,116,117,normal,-0.0718076229095459,0.2593643857217475,
yaw,116,117,normal,0.05224116643269857,0.07864391350867302,
width,116,117,normal,0.614315907160441,0.14489513896725548,
length,116,117,normal,-0.1247398853302002,0.13446755105040817,
box_height,116,117,normal,0.40842119852701825,0.20810902289123404,
distal,117,118,normal,-0.006409154746040258,0.19305984313175978,
perpendicular,117,118,normal,0.13396377025156064,0.03777096970274723,
height,117,118,normal,-0.09995895624160767,0.0793648362159729,
yaw,117,118,normal,-0.0004916787147521973,0.005492508411407471,
width,117,118,normal,1.047560453414917,0.25673604011535645,
length,117,118,normal,0.03382158279418945,0.28948354721069336,
box_height,117,118,normal,0.598525881767273,0.1275538206100464,
distal,118,119,normal,0.036976724083368606,0.38012805350587187,
perpendicular,118,119,normal,0.27625839577406613,0.14086223189646083,
height,118,119,normal,-0.008515425026416779,0.14418866971751612,
yaw,118,119,normal,0.05311101675033569,0.05424534523129026,
width,118,119,normal,0.3087795376777649,0.8543376872661104,
length,118,119,normal,-0.09364372491836548,0.24507630781385217,
box_height,118,119,normal,0.4143906831741333,0.25286528647899387,
distal,119,120,normal,-0.2760663165145507,0.0024496073489339854,
perpendicular,119,120,normal,-0.2764580454843359,0.08037820810605112,
height,119,120,normal,-0.03307655453681946,0.19527503848075867,
yaw,119,120,normal,-0.06331509351730347,0.03393799066543579,
width,119,120,normal,0.1963961124420166,0.8447954654693604,
length,119,120,normal,-0.15003061294555664,0.07583212852478027,
box_height,119,120,normal,0.5656355619430542,0.2412015199661255,
distal,120,121,normal,0.022647972236343794,0.38904529068460886,
perpendicular,120,121,normal,0.07416588427458215,0.31354797766301673,
height,120,121,normal,-0.12496435642242432,0.22880160808563232,
yaw,120,121,normal,-0.0032596588134765625,0.006080985069274902,
width,120,121,normal,0.9850386381149292,0.03376209735870361,
length,120,121,normal,-0.038317322731018066,0.08045876026153564,
box_height,120,121,normal,0.6610230207443237,0.14442360401153564,
distal,121,122,normal,-0.10012171668375898,0.17042003062021283,
perpendicular,121,122,normal,0.2619778495208039,0.04675093279443503,
height,121,122,normal,-0.0014559030532836914,0.08719087828521578,
yaw,121,122,normal,0.04266329606374105,0.02607291691586232,
width,121,122,normal,0.7673231760660807,0.31726706278171546,
length,121,122,normal,-0.11711867650349934,0.244643714291791,
box_height,121,122,normal,0.5825033982594808,0.11304074437757414,
distal,122,123,normal,-0.15945012794359567,0.22084496599922168,
perpendicular,122,123,normal,0.16451632039877034,0.056981130626173784,
height,122,123,normal,-0.14396733045578003,0.0914049744606018,
yaw,122,123,normal,0.061596035957336426,0.045132994651794434,
width,122,123,normal,0.32439398765563965,0.740617036819458,
length,122,123,normal,-0.18449819087982178,0.40670955181121826,
box_height,122,123,normal,0.2794226408004761,0.1982055902481079,
distal,123,124,normal,-0.2933951883555729,0.19092111520995925,
perpendicular,123,124,normal,-0.11464096327837893,0.2700068660468582,
height,123,124,normal,-0.05172717571258545,0.1609486298840718,
yaw,123,124,normal,0.057345419460750925,0.0512948780793007,
width,123,124,normal,0.37019530932108563,0.6983640422850709,
length,123,124,normal,-0.1858118772506714,0.42592540234811327,
box_height,123,124,normal,0.19528277715047201,0.31437270211162294,
distal,124,125,normal,0.012443585000143744,0.1626608297930699,
perpendicular,124,125,normal,0.00629592101984458,0.10005727942888812,
height,124,125,normal,0.286543349424998,0.18638937531965838,
yaw,124,125,normal,0.12685222360910706,0.09419055121057728,
width,124,125,normal,0.8197947343190511,0.21368278358472534,
length,124,125,normal,0.007603168487548828,0.0862571365155981,
box_height,124,125,normal,0.5064616600672404,0.3556154506103467,
distal,125,126,normal,0.12042079576698836,0.31306033553529167,
perpendicular,125,126,normal,-0.1293282772279976,0.07043871926724543,
height,125,126,normal,0.12711942195892334,0.0396653413772583,
yaw,125,126,normal,0.06278705596923828,0.009121179580688477,
width,125,126,normal,0.699986457824707,0.28524160385131836,
length,125,126,normal,0.04308485984802246,0.2982611656188965,
box_height,125,126,normal,0.511920690536499,0.12182831764221191,
distal,126,127,normal,0.3677054674655513,0.0,
perpendicular,126,127,normal,-0.1240877881115739,0.0,
height,126,127,normal,0.1580944061279297,0.0,
yaw,126,127,normal,0.06936120986938477,0.0,
width,126,127,normal,0.365084171295166,0.0,
length,126,127,normal,0.10912537574768066,0.0,
box_height,126,127,normal,0.009302616119384766,0.0,
distal,129,130,normal,-0.5633507155661315,0.0,
perpendicular,129,130,normal,-0.3804779924546545,0.0,
height,129,130,normal,0.38261961936950684,0.0,
yaw,129,130,normal,0.0508953332901001,0.0,
width,129,130,normal,0.1709437370300293,0.0,
length,129,130,normal,0.06003522872924805,0.0,
box_height,129,130,normal,0.04278755187988281,0.0,
