# DAIR-V2X-Seq SPD PointPillars (vehicle-side, train-calibrated) - Binned error distributions (normal from signed mean/std)

error_type,dist_min,dist_max,distribution,param1,param2,param3
distal,0,5,normal,-0.025228,0.137010,0.106659
perpendicular,0,5,normal,-0.018345,0.145835,0.108267
height,0,5,normal,0.012227,0.090766,0.066790
yaw,0,5,normal,0.054008,0.609772,0.165704
width,0,5,normal,-0.018091,0.097909,0.070073
length,0,5,normal,0.011467,0.213866,0.157064
box_height,0,5,normal,-0.046337,0.142794,0.086287
distal,5,10,normal,0.011036,0.105752,0.074337
perpendicular,5,10,normal,-0.020022,0.105190,0.073716
height,5,10,normal,0.005308,0.060248,0.041195
yaw,5,10,normal,-0.018248,0.403835,0.091851
width,5,10,normal,-0.019754,0.112417,0.081679
length,5,10,normal,0.017109,0.198806,0.141997
box_height,5,10,normal,-0.021832,0.093663,0.064155
distal,10,15,normal,0.000491,0.115718,0.070303
perpendicular,10,15,normal,-0.006889,0.126979,0.066394
height,10,15,normal,-0.005159,0.057092,0.039080
yaw,10,15,normal,-0.017146,0.334032,0.074241
width,10,15,normal,-0.011930,0.106537,0.075061
length,10,15,normal,0.004794,0.225120,0.129266
box_height,10,15,normal,-0.018221,0.090224,0.057957
distal,15,20,normal,-0.008209,0.150820,0.079978
perpendicular,15,20,normal,0.010476,0.126131,0.065336
height,15,20,normal,-0.008558,0.057094,0.041243
yaw,15,20,normal,-0.012220,0.380671,0.086429
width,15,20,normal,-0.009888,0.101820,0.072637
length,15,20,normal,-0.001441,0.231644,0.130125
box_height,15,20,normal,-0.011032,0.090976,0.061932
distal,20,25,normal,-0.001308,0.167682,0.088026
perpendicular,20,25,normal,0.000470,0.139631,0.071971
height,20,25,normal,-0.008920,0.067018,0.044091
yaw,20,25,normal,0.005377,0.473530,0.109694
width,20,25,normal,-0.005193,0.099704,0.072620
length,20,25,normal,0.003691,0.191660,0.116976
box_height,20,25,normal,0.001334,0.085858,0.061666
distal,25,30,normal,-0.002144,0.184954,0.093879
perpendicular,25,30,normal,0.005041,0.146761,0.074400
height,25,30,normal,-0.005846,0.075154,0.049681
yaw,25,30,normal,-0.013611,0.487948,0.117039
width,25,30,normal,-0.000993,0.100935,0.073300
length,25,30,normal,-0.000371,0.217920,0.122750
box_height,25,30,normal,-0.003654,0.093244,0.067290
distal,30,35,normal,0.000962,0.168357,0.092742
perpendicular,30,35,normal,0.008393,0.157316,0.082617
height,30,35,normal,-0.003290,0.089421,0.058844
yaw,30,35,normal,0.007855,0.555200,0.143414
width,30,35,normal,-0.007022,0.112974,0.077030
length,30,35,normal,-0.009040,0.316937,0.118921
box_height,30,35,normal,-0.006687,0.115248,0.073734
distal,35,40,normal,-0.001234,0.159838,0.091683
perpendicular,35,40,normal,0.003601,0.152155,0.085254
height,35,40,normal,-0.007070,0.099280,0.066056
yaw,35,40,normal,0.011564,0.585675,0.156187
width,35,40,normal,-0.007314,0.113333,0.078420
length,35,40,normal,-0.001206,0.185533,0.111155
box_height,35,40,normal,-0.004856,0.107953,0.077318
distal,40,45,normal,-0.000193,0.168271,0.095771
perpendicular,40,45,normal,0.003950,0.174183,0.093150
height,40,45,normal,-0.008970,0.108461,0.074646
yaw,40,45,normal,0.035419,0.660839,0.188561
width,40,45,normal,-0.006189,0.112868,0.077386
length,40,45,normal,-0.004444,0.199194,0.113509
box_height,40,45,normal,-0.003757,0.111123,0.078752
distal,45,50,normal,0.001410,0.169792,0.097315
perpendicular,45,50,normal,-0.000637,0.182785,0.097345
height,45,50,normal,-0.011525,0.120341,0.084273
yaw,45,50,normal,0.018381,0.638166,0.179618
width,45,50,normal,-0.008022,0.110971,0.077981
length,45,50,normal,-0.007327,0.198098,0.115044
box_height,45,50,normal,-0.005147,0.119475,0.084606
distal,50,55,normal,-0.004277,0.187234,0.104791
perpendicular,50,55,normal,-0.005923,0.196946,0.108826
height,50,55,normal,-0.011724,0.136390,0.096405
yaw,50,55,normal,0.023071,0.652254,0.188988
width,50,55,normal,-0.010170,0.121798,0.081652
length,50,55,normal,-0.007558,0.227258,0.118936
box_height,50,55,normal,-0.006511,0.124581,0.084563
distal,55,60,normal,0.000843,0.184181,0.103611
perpendicular,55,60,normal,-0.002985,0.198535,0.112564
height,55,60,normal,-0.014595,0.148589,0.107195
yaw,55,60,normal,0.042309,0.794150,0.255812
width,55,60,normal,-0.009954,0.119920,0.081659
length,55,60,normal,-0.007868,0.215516,0.121330
box_height,55,60,normal,-0.006762,0.130389,0.088442
distal,60,65,normal,-0.002411,0.173223,0.099596
perpendicular,60,65,normal,0.004201,0.202529,0.110701
height,60,65,normal,-0.013936,0.166100,0.119120
yaw,60,65,normal,0.030191,0.781878,0.249106
width,60,65,normal,-0.007037,0.120236,0.081488
length,60,65,normal,-0.010039,0.389614,0.133641
box_height,60,65,normal,-0.011908,0.152784,0.090455
distal,65,70,normal,-0.001589,0.179850,0.106536
perpendicular,65,70,normal,0.003765,0.218160,0.121711
height,65,70,normal,-0.015926,0.184828,0.132579
yaw,65,70,normal,0.011395,0.800164,0.257740
width,65,70,normal,-0.006108,0.120479,0.083004
length,65,70,normal,-0.009189,0.259718,0.137056
box_height,65,70,normal,-0.018472,0.144374,0.095393
distal,70,75,normal,-0.004683,0.174014,0.099691
perpendicular,70,75,normal,0.002655,0.238788,0.135257
height,70,75,normal,-0.008756,0.195137,0.143016
yaw,70,75,normal,0.035865,0.889084,0.309476
width,70,75,normal,-0.012230,0.121507,0.081066
length,70,75,normal,-0.009914,0.346999,0.130170
box_height,70,75,normal,-0.013924,0.152232,0.097926
distal,75,80,normal,-0.010870,0.184506,0.104434
perpendicular,75,80,normal,-0.000747,0.220946,0.127360
height,75,80,normal,-0.016918,0.207256,0.153332
yaw,75,80,normal,0.003300,0.793255,0.260176
width,75,80,normal,-0.014789,0.117727,0.080975
length,75,80,normal,-0.017351,0.309827,0.135192
box_height,75,80,normal,-0.011453,0.135155,0.088840
distal,80,85,normal,-0.004458,0.183840,0.103484
perpendicular,80,85,normal,0.008681,0.226192,0.136659
height,80,85,normal,-0.020734,0.225608,0.171519
yaw,80,85,normal,0.079855,0.797920,0.264521
width,80,85,normal,-0.008994,0.125311,0.085508
length,80,85,normal,-0.011961,0.243482,0.125360
box_height,80,85,normal,-0.014647,0.129797,0.085070
distal,85,90,normal,-0.002927,0.177841,0.104967
perpendicular,85,90,normal,0.016289,0.245368,0.149306
height,85,90,normal,-0.020273,0.248258,0.190949
yaw,85,90,normal,0.029231,0.765452,0.250677
width,85,90,normal,-0.007864,0.119844,0.079434
length,85,90,normal,-0.009038,0.258684,0.133830
box_height,85,90,normal,-0.023754,0.137261,0.089390
distal,90,95,normal,-0.077097,0.311040,0.176189
perpendicular,90,95,normal,0.008737,0.302332,0.174609
height,90,95,normal,-0.031908,0.251574,0.193439
yaw,90,95,normal,0.050700,0.847382,0.310543
width,90,95,normal,-0.024475,0.134181,0.093682
length,90,95,normal,-0.086373,0.434835,0.198131
box_height,90,95,normal,-0.030322,0.187841,0.107339
distal,95,100,normal,-0.001212,0.390796,0.209776
perpendicular,95,100,normal,-0.023812,0.304286,0.190951
height,95,100,normal,-0.008298,0.307231,0.239954
yaw,95,100,normal,-0.053917,0.525179,0.203905
width,95,100,normal,0.004071,0.151030,0.096088
length,95,100,normal,0.058055,0.573001,0.220513
box_height,95,100,normal,0.028591,0.148541,0.092346
distal,100,105,normal,-0.143245,0.000000,0.143245
perpendicular,100,105,normal,0.030857,0.000000,0.030857
height,100,105,normal,0.717518,0.000000,0.717518
yaw,100,105,normal,-0.005037,0.000000,0.005037
width,100,105,normal,0.011401,0.000000,0.011401
length,100,105,normal,-0.148435,0.000000,0.148435
box_height,100,105,normal,0.036668,0.000000,0.036668
distal,0,100,normal,-0.002837,0.173599,0.096635
perpendicular,0,100,normal,0.001870,0.182777,0.098628
height,0,100,normal,-0.010165,0.136262,0.088916
yaw,0,100,normal,0.016797,0.650372,0.184315
width,0,100,normal,-0.008476,0.113978,0.078643
length,0,100,normal,-0.005996,0.252553,0.124147
box_height,0,100,normal,-0.009059,0.120514,0.079577
