# DAIR-V2X-Seq SPD PointPillars (infrastructure-side, train-calibrated) - Binned error distributions (normal from signed mean/std)

error_type,dist_min,dist_max,distribution,param1,param2,param3
distal,10,15,normal,0.009150,0.236940,0.146889
perpendicular,10,15,normal,0.025481,0.084139,0.064736
height,10,15,normal,-0.001032,0.042913,0.028269
yaw,10,15,normal,-0.091450,0.112823,0.100794
width,10,15,normal,-0.000099,0.096268,0.070855
length,10,15,normal,0.018267,0.178903,0.111417
box_height,10,15,normal,-0.008483,0.082717,0.048343
distal,15,20,normal,-0.031340,0.106366,0.075537
perpendicular,15,20,normal,0.008750,0.067141,0.044827
height,15,20,normal,0.003911,0.036166,0.025578
yaw,15,20,normal,-0.033851,0.066559,0.056930
width,15,20,normal,-0.007452,0.088725,0.064436
length,15,20,normal,0.006452,0.149511,0.106053
box_height,15,20,normal,-0.004093,0.061251,0.040327
distal,20,25,normal,-0.015900,0.100233,0.068221
perpendicular,20,25,normal,-0.000452,0.057649,0.041960
height,20,25,normal,0.004614,0.033497,0.023670
yaw,20,25,normal,-0.038873,0.072391,0.055004
width,20,25,normal,-0.018049,0.095092,0.072400
length,20,25,normal,-0.011957,0.164260,0.106358
box_height,20,25,normal,-0.010888,0.054166,0.037852
distal,25,30,normal,-0.028957,0.161446,0.092093
perpendicular,25,30,normal,-0.008701,0.075158,0.053374
height,25,30,normal,0.007336,0.046333,0.032817
yaw,25,30,normal,-0.016490,0.150919,0.047363
width,25,30,normal,-0.029077,0.155538,0.088876
length,25,30,normal,-0.026857,0.397248,0.178349
box_height,25,30,normal,-0.014848,0.073600,0.051040
distal,30,35,normal,-0.016214,0.094915,0.057955
perpendicular,30,35,normal,0.003394,0.067053,0.048216
height,30,35,normal,0.013083,0.041605,0.033801
yaw,30,35,normal,-0.043477,0.103901,0.063227
width,30,35,normal,-0.025902,0.107580,0.082659
length,30,35,normal,-0.015652,0.150235,0.098994
box_height,30,35,normal,-0.008663,0.061293,0.046712
distal,35,40,normal,-0.010474,0.079189,0.053336
perpendicular,35,40,normal,0.003400,0.075414,0.050049
height,35,40,normal,0.011953,0.044081,0.034229
yaw,35,40,normal,-0.041104,0.109965,0.059666
width,35,40,normal,-0.022275,0.115017,0.088044
length,35,40,normal,-0.011425,0.160176,0.098507
box_height,35,40,normal,-0.008525,0.066723,0.049543
distal,40,45,normal,-0.022216,0.127652,0.067043
perpendicular,40,45,normal,0.000851,0.095353,0.061048
height,40,45,normal,0.004015,0.051370,0.036458
yaw,40,45,normal,0.011491,0.432814,0.104067
width,40,45,normal,-0.018139,0.116706,0.087488
length,40,45,normal,-0.023896,0.227290,0.118598
box_height,40,45,normal,-0.007599,0.087012,0.057900
distal,45,50,normal,-0.017842,0.109562,0.063031
perpendicular,45,50,normal,0.006578,0.094418,0.064374
height,45,50,normal,0.005844,0.055897,0.038798
yaw,45,50,normal,0.009785,0.537136,0.129006
width,45,50,normal,-0.019617,0.117058,0.086373
length,45,50,normal,-0.014720,0.204073,0.122197
box_height,45,50,normal,-0.008393,0.092530,0.059830
distal,50,55,normal,-0.018941,0.120994,0.071536
perpendicular,50,55,normal,0.018716,0.115490,0.074266
height,50,55,normal,0.003997,0.064073,0.044363
yaw,50,55,normal,-0.005489,0.666170,0.185638
width,50,55,normal,-0.020710,0.117623,0.088566
length,50,55,normal,-0.015712,0.221627,0.133207
box_height,50,55,normal,-0.003575,0.097558,0.066861
distal,55,60,normal,-0.019677,0.108050,0.072777
perpendicular,55,60,normal,0.005941,0.126800,0.080312
height,55,60,normal,0.001094,0.072935,0.051779
yaw,55,60,normal,0.080334,0.796072,0.249222
width,55,60,normal,-0.017155,0.122733,0.089453
length,55,60,normal,-0.001725,0.286253,0.139876
box_height,55,60,normal,-0.000862,0.110311,0.074460
distal,60,65,normal,-0.002182,0.121772,0.076752
perpendicular,60,65,normal,0.010692,0.107416,0.072165
height,60,65,normal,-0.006814,0.092363,0.064563
yaw,60,65,normal,-0.008955,0.622658,0.164275
width,60,65,normal,0.001601,0.120795,0.087399
length,60,65,normal,0.018841,0.176743,0.117866
box_height,60,65,normal,0.012422,0.117795,0.085101
distal,65,70,normal,-0.013441,0.125407,0.078573
perpendicular,65,70,normal,0.004241,0.154416,0.084906
height,65,70,normal,0.000257,0.081550,0.058477
yaw,65,70,normal,-0.108126,0.736392,0.217266
width,65,70,normal,-0.014452,0.127955,0.094687
length,65,70,normal,0.014053,0.179170,0.111089
box_height,65,70,normal,-0.005765,0.108781,0.076731
distal,70,75,normal,-0.022479,0.142241,0.087243
perpendicular,70,75,normal,0.010785,0.145398,0.088330
height,70,75,normal,0.006102,0.099909,0.070236
yaw,70,75,normal,-0.072545,0.494587,0.130387
width,70,75,normal,-0.026668,0.141359,0.107211
length,70,75,normal,-0.000623,0.209651,0.129314
box_height,70,75,normal,-0.005575,0.127451,0.090556
distal,75,80,normal,-0.018544,0.135781,0.078463
perpendicular,75,80,normal,0.001660,0.129842,0.080597
height,75,80,normal,-0.003211,0.095484,0.064598
yaw,75,80,normal,-0.017379,0.161553,0.058806
width,75,80,normal,0.004531,0.126848,0.096141
length,75,80,normal,0.003369,0.294105,0.120907
box_height,75,80,normal,-0.002203,0.123237,0.079945
distal,80,85,normal,-0.025283,0.116807,0.076539
perpendicular,80,85,normal,-0.022016,0.131662,0.093284
height,80,85,normal,0.005626,0.119315,0.085730
yaw,80,85,normal,-0.040408,0.102892,0.068515
width,80,85,normal,-0.011682,0.121642,0.089593
length,80,85,normal,-0.004290,0.166649,0.106805
box_height,80,85,normal,-0.006772,0.110078,0.079299
distal,85,90,normal,-0.025387,0.136610,0.082843
perpendicular,85,90,normal,0.001054,0.152367,0.109067
height,85,90,normal,-0.013447,0.174878,0.124925
yaw,85,90,normal,-0.012396,0.149997,0.065582
width,85,90,normal,-0.008705,0.113961,0.082093
length,85,90,normal,-0.013793,0.213545,0.102446
box_height,85,90,normal,-0.008018,0.115720,0.081719
distal,90,95,normal,-0.039748,0.134823,0.088525
perpendicular,90,95,normal,-0.038537,0.184019,0.131453
height,90,95,normal,-0.004738,0.144969,0.105652
yaw,90,95,normal,-0.045424,0.148237,0.081603
width,90,95,normal,-0.020372,0.116243,0.082447
length,90,95,normal,-0.029095,0.217753,0.118884
box_height,90,95,normal,-0.022021,0.133266,0.089953
distal,95,100,normal,-0.039304,0.172833,0.132083
perpendicular,95,100,normal,-0.048184,0.231903,0.166456
height,95,100,normal,0.033405,0.231472,0.194241
yaw,95,100,normal,0.007551,0.104734,0.070241
width,95,100,normal,-0.017936,0.100051,0.069591
length,95,100,normal,-0.116723,0.152146,0.137478
box_height,95,100,normal,-0.067517,0.106751,0.092005
distal,0,100,normal,-0.018776,0.126547,0.077571
perpendicular,0,100,normal,0.001717,0.112768,0.070274
height,0,100,normal,0.002710,0.084922,0.052250
yaw,0,100,normal,-0.030244,0.401671,0.104889
width,0,100,normal,-0.014635,0.114259,0.083224
length,0,100,normal,-0.006641,0.203165,0.115768
box_height,0,100,normal,-0.007340,0.094437,0.062387
