# PointPillar V2V4Real, tesla ego, train+val - Binned error distributions (normal from bias/bias_std)

error_type,dist_min,dist_max,distribution,param1,param2,param3
distal,2,3,normal,0.023442571524657133,0.1493203134723904,
perpendicular,2,3,normal,0.05349345622402036,0.26642273599833044,
height,2,3,normal,-0.02030458301305771,0.047367291278824775,
yaw,2,3,normal,0.05579907028004527,0.07335880740243085,
width,2,3,normal,-0.305259108543396,0.5114904119789612,
length,2,3,normal,-0.027420997619628906,0.18258528221628267,
box_height,2,3,normal,0.0029624253511428833,0.13412967169002013,
distal,3,4,normal,-0.15190965764571518,0.15975697080624465,
perpendicular,3,4,normal,-0.05037050241053892,0.24319853375504819,
height,3,4,normal,-0.00589978154543992,0.07014754271957215,
yaw,3,4,normal,0.02049278425157639,0.06253857309005242,
width,3,4,normal,-0.400263664486644,0.5080222807161485,
length,3,4,normal,-0.17057334361495552,0.21748493435107388,
box_height,3,4,normal,-0.034222306131006595,0.10472033611409745,
distal,4,5,normal,-0.10373502898738511,0.1671630988547366,
perpendicular,4,5,normal,-0.033982958472645354,0.18042106737046185,
height,4,5,normal,-0.009435239656647639,0.06605289661514563,
yaw,4,5,normal,0.024024402351288568,0.0507886223587853,
width,4,5,normal,-0.19541546052961206,0.4545127987037733,
length,4,5,normal,-0.13918800603097944,0.17466970129234738,
box_height,4,5,normal,-0.02868736644289387,0.09404158861039916,
distal,5,6,normal,-0.06420202272263444,0.17002367432189594,
perpendicular,5,6,normal,-0.013842511341908264,0.1447200601562062,
height,5,6,normal,-0.013738651132378966,0.06556342129344814,
yaw,5,6,normal,0.019798651075207934,0.04434403738321039,
width,5,6,normal,-0.16380970007360238,0.30991564907740526,
length,5,6,normal,-0.11623121203271104,0.14921086117911797,
box_height,5,6,normal,-0.025268448780534605,0.09982557168811691,
distal,6,7,normal,-0.06015219449585981,0.16407673071060272,
perpendicular,6,7,normal,0.0038071145023604687,0.20422648798229584,
height,6,7,normal,-0.02264034947217335,0.07986496794992128,
yaw,6,7,normal,0.02280549590740113,0.05054984024395435,
width,6,7,normal,-0.1655556485400222,0.42779571338847283,
length,6,7,normal,-0.08652164378473835,0.17373170245113814,
box_height,6,7,normal,-0.019489955380215623,0.12016590684288588,
distal,7,8,normal,-0.08474010762100544,0.18862991241045451,
perpendicular,7,8,normal,0.004286606154197329,0.15604838886067218,
height,7,8,normal,-0.02015513366686269,0.07219550115595065,
yaw,7,8,normal,0.03355881752994933,0.04754308539483291,
width,7,8,normal,-0.18823090857608474,0.40172995952315305,
length,7,8,normal,-0.08112635228613069,0.16573472973394618,
box_height,7,8,normal,-0.03924987885006184,0.10659307302655673,
distal,8,9,normal,-0.020248743467662183,0.17530872084031202,
perpendicular,8,9,normal,0.035340704194976126,0.1550189500675139,
height,8,9,normal,-0.0383927904990282,0.10945525317670692,
yaw,8,9,normal,0.04284649142747499,0.05319979671015826,
width,8,9,normal,-0.09058017878050215,0.3955538443170165,
length,8,9,normal,-0.037411943747756186,0.15063936453509194,
box_height,8,9,normal,0.017589744389726873,0.1447718003077828,
distal,9,10,normal,-0.046522963776263894,0.1954521500571365,
perpendicular,9,10,normal,-0.007918351031629843,0.1525693947648187,
height,9,10,normal,-0.023728675633466163,0.08727683294041169,
yaw,9,10,normal,0.03963651258384176,0.059401717558047934,
width,9,10,normal,-0.0784214704620595,0.39259898538216825,
length,9,10,normal,-0.05991872344292751,0.16215606247940154,
box_height,9,10,normal,0.004327615811711266,0.167107952401241,
distal,10,11,normal,-0.06231359346339165,0.17146006326732158,
perpendicular,10,11,normal,-0.007553756455538213,0.16001997219844907,
height,10,11,normal,-0.016650235987155235,0.0792507797841744,
yaw,10,11,normal,0.032113385057876406,0.04233038317568875,
width,10,11,normal,-0.09252596837337886,0.3691413003300665,
length,10,11,normal,-0.060409025945396065,0.15631164588233762,
box_height,10,11,normal,-0.030678697167155898,0.11169503927777541,
distal,11,12,normal,-0.04188338224088262,0.1872591704108258,
perpendicular,11,12,normal,-0.0010805059686325013,0.14008568560852888,
height,11,12,normal,-0.027363737907445354,0.08938576405702986,
yaw,11,12,normal,0.021063569532210672,0.05345369131112143,
width,11,12,normal,-0.12229996713329633,0.3661387605138857,
length,11,12,normal,-0.07671819578497292,0.15930433359669818,
box_height,11,12,normal,-0.05058933330318212,0.14879020888602054,
distal,12,13,normal,-0.030278855747977146,0.1807119331851126,
perpendicular,12,13,normal,-0.014453088034746408,0.13943044268516797,
height,12,13,normal,-0.014882082498772023,0.08191327781721437,
yaw,12,13,normal,0.021259547203518577,0.05392567633891401,
width,12,13,normal,-0.09618827342513538,0.36313448523289565,
length,12,13,normal,-0.06803926041251734,0.1490915925211911,
box_height,12,13,normal,-0.04857804403522874,0.1383516429228269,
distal,13,14,normal,-0.05023346812363277,0.1805082932184926,
perpendicular,13,14,normal,-0.015514957370775465,0.1316035502969698,
height,13,14,normal,-0.01811572599221977,0.08108022079240719,
yaw,13,14,normal,0.025658564978397906,0.05658776987792959,
width,13,14,normal,-0.11832877027740327,0.3686377795853296,
length,13,14,normal,-0.06925978332137683,0.1471225171393391,
box_height,13,14,normal,-0.04284887354012405,0.14089188458298443,
distal,14,15,normal,-0.042976469371823915,0.19893048401678873,
perpendicular,14,15,normal,-0.013652573205064938,0.14114074062934154,
height,14,15,normal,-0.014881812901315562,0.08752095337351533,
yaw,14,15,normal,0.022547203691576947,0.059607323978453225,
width,14,15,normal,-0.10354007037791049,0.37912221843051325,
length,14,15,normal,-0.06586055459123476,0.15551480330509249,
box_height,14,15,normal,-0.04601243270019343,0.14774179954830408,
distal,15,16,normal,-0.03226196473961791,0.18653451307113744,
perpendicular,15,16,normal,-0.014348778136509834,0.13772912806168341,
height,15,16,normal,-0.03178938456389337,0.09294248897147112,
yaw,15,16,normal,0.025249363744940332,0.05806373679322128,
width,15,16,normal,-0.11518880540462581,0.38925125941686706,
length,15,16,normal,-0.0761118664221189,0.1543586764885631,
box_height,15,16,normal,-0.03857524367807742,0.14911018193067177,
distal,16,17,normal,-0.014288875434481403,0.19557562096368808,
perpendicular,16,17,normal,-0.01300200641502625,0.1301049330316796,
height,16,17,normal,-0.029242801185272917,0.09043643034317296,
yaw,16,17,normal,0.023448459406437534,0.05846785835232858,
width,16,17,normal,-0.09336255641677711,0.3450559039647467,
length,16,17,normal,-0.08862593854907193,0.15499431046951825,
box_height,16,17,normal,-0.04004124099317985,0.14069540610546552,
distal,17,18,normal,-0.03466945293053535,0.20077677335371072,
perpendicular,17,18,normal,-0.027951195087754652,0.13233448389019942,
height,17,18,normal,-0.024734058510579162,0.0902683544536163,
yaw,17,18,normal,0.015317550570823011,0.05913350438522734,
width,17,18,normal,-0.11292611514174569,0.3487000779068015,
length,17,18,normal,-0.044162054127115755,0.16131009430307608,
box_height,17,18,normal,-0.055831907463211046,0.14460297297879687,
distal,18,19,normal,-0.03398562904171399,0.19145479126127135,
perpendicular,18,19,normal,-0.021346611216491333,0.1482736153594181,
height,18,19,normal,-0.023087897167147257,0.09255700836161224,
yaw,18,19,normal,0.011407805785691012,0.062247101398036936,
width,18,19,normal,-0.11446524343395453,0.3637089132624901,
length,18,19,normal,-0.06178996303130916,0.16226950822013866,
box_height,18,19,normal,-0.04020706205668124,0.15256717726820637,
distal,19,20,normal,-0.014728614714033868,0.20230531399646395,
perpendicular,19,20,normal,-0.020858446776573693,0.1455931911526863,
height,19,20,normal,-0.03311062832267917,0.09645082435066925,
yaw,19,20,normal,0.011186445302655354,0.06639219975900038,
width,19,20,normal,-0.08346203619868639,0.3665766811645334,
length,19,20,normal,-0.06289690723598845,0.15586574100217415,
box_height,19,20,normal,-0.058598202102038324,0.16290903040570406,
distal,20,21,normal,-0.009412473196290629,0.19022587610305525,
perpendicular,20,21,normal,-0.010603867554608858,0.13216171902998136,
height,20,21,normal,-0.03660509244416111,0.1016787630854792,
yaw,20,21,normal,0.014849344506952165,0.06483480755356577,
width,20,21,normal,-0.07549490955532899,0.33625612320024845,
length,20,21,normal,-0.04824915572402341,0.15341078611473632,
box_height,20,21,normal,-0.029611266860666202,0.15301683703751218,
distal,21,22,normal,-0.027605223240132072,0.2064119779754065,
perpendicular,21,22,normal,-0.019246458808424908,0.1509403389274397,
height,21,22,normal,-0.04036717595271713,0.09715493407020744,
yaw,21,22,normal,0.01136346058411408,0.07063876637663351,
width,21,22,normal,-0.1304439854250939,0.38532220324599314,
length,21,22,normal,-0.0540316077910859,0.16830712505081535,
box_height,21,22,normal,-0.03350338993180422,0.1542082096852624,
distal,22,23,normal,-0.025260129456370586,0.21837742872253216,
perpendicular,22,23,normal,-0.01851565146467757,0.16198122137744234,
height,22,23,normal,-0.03633016406720392,0.10386162362910223,
yaw,22,23,normal,0.010077819068316765,0.07133956334579025,
width,22,23,normal,-0.10974630027805754,0.40439324998005627,
length,22,23,normal,-0.05406917933722563,0.16719956884390338,
box_height,22,23,normal,-0.044817029569940124,0.16120477955936716,
distal,23,24,normal,-0.0023470132114852323,0.21499133987341634,
perpendicular,23,24,normal,-0.01272381931456693,0.1522022260220453,
height,23,24,normal,-0.034303265589254874,0.10275741279595918,
yaw,23,24,normal,0.00879852659944611,0.07497003495903572,
width,23,24,normal,-0.07017088230745291,0.40208349392820175,
length,23,24,normal,-0.06076850530541973,0.18086508059095102,
box_height,23,24,normal,-0.03993622057231856,0.1564316813676618,
distal,24,25,normal,0.00023478883722420158,0.2120879323577149,
perpendicular,24,25,normal,0.01631851320043994,0.15355135545438436,
height,24,25,normal,-0.046287464500288956,0.10933139514413923,
yaw,24,25,normal,0.000871770406933703,0.07706835296273397,
width,24,25,normal,-0.02143172167557535,0.38963792285645776,
length,24,25,normal,-0.03827707157578579,0.17539162564463678,
box_height,24,25,normal,-0.013925229394158651,0.15230144918071514,
distal,25,26,normal,0.00898133704964919,0.21512709962654109,
perpendicular,25,26,normal,-0.007758613002015245,0.1612618786542347,
height,25,26,normal,-0.032321890709696155,0.11523489000468919,
yaw,25,26,normal,0.004188032761926064,0.07658269215914144,
width,25,26,normal,-0.04854453926493172,0.3917494622065753,
length,25,26,normal,-0.042180043726773635,0.16453489104102753,
box_height,25,26,normal,-0.018733202457791146,0.16551117771231058,
distal,26,27,normal,-0.010154943165964284,0.21886090769018623,
perpendicular,26,27,normal,-0.008709745173221803,0.15945943123838768,
height,26,27,normal,-0.043213151665804014,0.11761613476826036,
yaw,26,27,normal,0.004043716322738018,0.07961615686813901,
width,26,27,normal,-0.054214187581153594,0.39914815002450654,
length,26,27,normal,-0.037244397126408695,0.1698358741976882,
box_height,26,27,normal,-0.03397180980975085,0.15945411865989265,
distal,27,28,normal,0.009649678213051589,0.21890178022056747,
perpendicular,27,28,normal,-0.02495770062037322,0.1523072409659178,
height,27,28,normal,-0.0503156576978873,0.11938993593278878,
yaw,27,28,normal,0.013040659978006177,0.0943036606274939,
width,27,28,normal,-0.04796471204384264,0.42146070095041555,
length,27,28,normal,-0.023893887738147414,0.19960914762175905,
box_height,27,28,normal,-0.01982642943600574,0.16135733785970843,
distal,28,29,normal,-0.021337779431274396,0.23040541868257106,
perpendicular,28,29,normal,-0.0009260737033738381,0.1543605251671429,
height,28,29,normal,-0.053074762823532656,0.11790504252148072,
yaw,28,29,normal,0.006750513860612788,0.07814924547359159,
width,28,29,normal,-0.09290637068603695,0.40844096388116824,
length,28,29,normal,-0.05262052709278701,0.17092929566860188,
box_height,28,29,normal,-0.030772883324618437,0.1570727120158416,
distal,29,30,normal,-0.004185315815102373,0.25092476103636463,
perpendicular,29,30,normal,0.000969412887951515,0.16637034965456832,
height,29,30,normal,-0.037931684192365187,0.1253382809197551,
yaw,29,30,normal,0.0032840190883726985,0.08170074922953856,
width,29,30,normal,-0.08346136426644615,0.44075927680263405,
length,29,30,normal,-0.046682373713884937,0.18371229900324815,
box_height,29,30,normal,-0.024373818240137606,0.16460450843967872,
distal,30,31,normal,-0.00160393069233115,0.24547699324958083,
perpendicular,30,31,normal,-0.014734151369640678,0.18477323908467128,
height,30,31,normal,-0.041514926059887956,0.12923210098048687,
yaw,30,31,normal,-0.018388650604192036,0.10354708832759917,
width,30,31,normal,-0.08027061407382671,0.4172661458094269,
length,30,31,normal,-0.029184006727658786,0.18030160219188676,
box_height,30,31,normal,-0.009287342773034023,0.173588655004535,
distal,31,32,normal,-0.01773557048104462,0.2443531788714146,
perpendicular,31,32,normal,-0.002872601464673056,0.16844378621703424,
height,31,32,normal,-0.04119102340949424,0.13263540483177183,
yaw,31,32,normal,0.0005475908809249427,0.08244677734388092,
width,31,32,normal,-0.09741674807138055,0.4291850364190897,
length,31,32,normal,-0.05110267321609072,0.17526280367379915,
box_height,31,32,normal,-0.011819941711629995,0.1745806458095571,
distal,32,33,normal,-0.014227642488182717,0.2514993732747739,
perpendicular,32,33,normal,0.0012725526033955739,0.15765951617319224,
height,32,33,normal,-0.04334681721265651,0.13270559734559192,
yaw,32,33,normal,-0.004346934235946324,0.08270048697629692,
width,32,33,normal,-0.0682168526590363,0.43641927884358656,
length,32,33,normal,-0.03258206726105745,0.18560375659535758,
box_height,32,33,normal,-0.010544762631093175,0.1693236796529177,
distal,33,34,normal,-0.02607896040995863,0.2588728895251619,
perpendicular,33,34,normal,0.000573650799613985,0.15209857297526552,
height,33,34,normal,-0.06031469534198971,0.136817650097201,
yaw,33,34,normal,-0.010314377598637153,0.08643074745158942,
width,33,34,normal,-0.09570447294716591,0.435717195930433,
length,33,34,normal,-0.047548582363852517,0.17418508191840426,
box_height,33,34,normal,-0.016406552275851284,0.1745528619053406,
distal,34,35,normal,-0.019279006720563666,0.2572738941930755,
perpendicular,34,35,normal,-0.00135877146023877,0.15556931749117,
height,34,35,normal,-0.05837859577326287,0.12957976302459512,
yaw,34,35,normal,-0.007993346179082008,0.08840943622218639,
width,34,35,normal,-0.10645019908538692,0.46288090306743346,
length,34,35,normal,-0.0402803012871792,0.1839262858908492,
box_height,34,35,normal,-0.009800550833126698,0.17764029852889365,
distal,35,36,normal,-0.041315079410752374,0.25688855211906075,
perpendicular,35,36,normal,0.0277388998840105,0.16904392552957287,
height,35,36,normal,-0.04935215735199428,0.1525446432659569,
yaw,35,36,normal,-0.00666649983355548,0.09322526131293947,
width,35,36,normal,-0.08989522409911203,0.42846566374861605,
length,35,36,normal,-0.048000404622295115,0.17953682948080624,
box_height,35,36,normal,-0.017109161792415204,0.18952754003380765,
distal,36,37,normal,-0.01334426314131704,0.25642927448370156,
perpendicular,36,37,normal,-0.03147390021160137,0.15883937514910978,
height,36,37,normal,-0.058171291894550566,0.13948690536659822,
yaw,36,37,normal,0.00011910120857730328,0.0865341045376269,
width,36,37,normal,-0.06614969442974859,0.43345495364444625,
length,36,37,normal,-0.05591832953047265,0.17619741445902345,
box_height,36,37,normal,-0.012340261153840508,0.21232555183209098,
distal,37,38,normal,0.009449483720029095,0.24365974387799194,
perpendicular,37,38,normal,-0.034453154401478975,0.1759676333730364,
height,37,38,normal,-0.048665266781184026,0.1497959214307033,
yaw,37,38,normal,-0.011325234424719761,0.08894995792448004,
width,37,38,normal,-0.02747610621369643,0.451511065463822,
length,37,38,normal,-0.059758530324594133,0.18653126093423344,
box_height,37,38,normal,-0.0502948650734962,0.21607588686818052,
distal,38,39,normal,0.0042688529768400455,0.2580190637432442,
perpendicular,38,39,normal,-0.009616678903420101,0.16807015473806236,
height,38,39,normal,-0.06353418913084208,0.14825342156017174,
yaw,38,39,normal,-0.012149891062557849,0.0940305825553948,
width,38,39,normal,-0.03982435335818025,0.44167525851033423,
length,38,39,normal,-0.009423353008388244,0.20271564972205292,
box_height,38,39,normal,-0.0030168172010441416,0.2149869039424411,
distal,39,40,normal,-0.00469468867747087,0.2516650334158635,
perpendicular,39,40,normal,-0.008600041860119069,0.16571719918419026,
height,39,40,normal,-0.05432929265202943,0.15099177678001405,
yaw,39,40,normal,-0.013432773630721852,0.09463844781956925,
width,39,40,normal,-0.08360341580017754,0.42666521053107564,
length,39,40,normal,-0.05019032788572844,0.18088336720865364,
box_height,39,40,normal,-0.04724697241131563,0.2098362093051047,
distal,40,41,normal,0.03287251482021139,0.24555921532035785,
perpendicular,40,41,normal,-0.0037729356899862485,0.1602168397205142,
height,40,41,normal,-0.05361380522980697,0.1595739627696466,
yaw,40,41,normal,-0.016716763562297343,0.10378744711768007,
width,40,41,normal,-0.029483975987134182,0.43609735367586144,
length,40,41,normal,-0.018359002920404884,0.2015493658099662,
box_height,40,41,normal,0.005708999550010938,0.20981745721588402,
distal,41,42,normal,-0.000831435854453673,0.2547692929789617,
perpendicular,41,42,normal,-0.017073461673290487,0.17322410415215714,
height,41,42,normal,-0.05019353027418842,0.17239549460653014,
yaw,41,42,normal,-0.01549767379913477,0.10306576155446796,
width,41,42,normal,-0.06791557777585007,0.4280411650539377,
length,41,42,normal,-0.04406154249596784,0.17944546563602357,
box_height,41,42,normal,-0.023153003557460514,0.1997054703423272,
distal,42,43,normal,0.01946205498086431,0.24164338866505952,
perpendicular,42,43,normal,-0.01762270475853559,0.16316702777411407,
height,42,43,normal,-0.03692650748270806,0.17379336254279165,
yaw,42,43,normal,-0.019846899058511856,0.08723910299894652,
width,42,43,normal,-0.07026569148216127,0.4110381660363596,
length,42,43,normal,-0.029075370500080265,0.17656784235303727,
box_height,42,43,normal,-0.040112061747189225,0.19398519147720839,
distal,43,44,normal,-0.020535904544891327,0.259661348423833,
perpendicular,43,44,normal,-0.02603203677501645,0.16587366975156803,
height,43,44,normal,-0.08330431244742702,0.19909517812714356,
yaw,43,44,normal,-0.021704629635725652,0.0955108526682032,
width,43,44,normal,-0.1271293776136049,0.4507446693352261,
length,43,44,normal,-0.06230973567761166,0.17738522805916074,
box_height,43,44,normal,-0.07267769079812815,0.23704852753485472,
distal,44,45,normal,-0.015365176713888642,0.25000675999519245,
perpendicular,44,45,normal,-0.03722608560643277,0.15970943002030388,
height,44,45,normal,-0.06350519603916577,0.1592861600343597,
yaw,44,45,normal,-0.029220411402964754,0.10074690644356604,
width,44,45,normal,-0.07317029791218894,0.4238761558710295,
length,44,45,normal,-0.04546701610088348,0.16434062966523205,
box_height,44,45,normal,-0.001260510299886976,0.20573794016645985,
distal,45,46,normal,0.011735545158927699,0.2573814675570988,
perpendicular,45,46,normal,-0.02121307406642715,0.15706923642614223,
height,45,46,normal,-0.06631494195190901,0.17013324471950594,
yaw,45,46,normal,-0.01874539012068968,0.09067637286913241,
width,45,46,normal,-0.06854503081016934,0.438430630670229,
length,45,46,normal,-0.04719784702222372,0.1647358728170154,
box_height,45,46,normal,-0.012285409514437016,0.20956239214965475,
distal,46,47,normal,-0.03703139966954722,0.2639373119425935,
perpendicular,46,47,normal,-0.02598427771297567,0.16109295982074281,
height,46,47,normal,-0.06199528203820283,0.1672981131440205,
yaw,46,47,normal,-0.021437668310322684,0.09427920936853522,
width,46,47,normal,-0.0872349941505576,0.4549740596545229,
length,46,47,normal,-0.034172330487449214,0.18132594291840554,
box_height,46,47,normal,0.018379088617720692,0.20600482054423064,
distal,47,48,normal,0.02331637648705803,0.2324122707308142,
perpendicular,47,48,normal,-0.030830013483008768,0.15278370152119541,
height,47,48,normal,-0.08350314994653066,0.16457791755598922,
yaw,47,48,normal,-0.02596218215724,0.09386151113359589,
width,47,48,normal,-0.06535262046036897,0.40009694652389166,
length,47,48,normal,-0.03524579714845728,0.15839506755461974,
box_height,47,48,normal,-0.019202253774360373,0.2027516265871913,
distal,48,49,normal,0.015062736727244432,0.25581434480465115,
perpendicular,48,49,normal,-0.019487786360236414,0.15176378927350898,
height,48,49,normal,-0.07872368046258499,0.17280664264695844,
yaw,48,49,normal,-0.018013687571235396,0.09099584646806586,
width,48,49,normal,-0.03707821963716214,0.44292324768967234,
length,48,49,normal,-0.03270026058033672,0.16893615202763085,
box_height,48,49,normal,-0.0029147710247664368,0.2060377740029368,
distal,49,50,normal,0.04812199138119292,0.24278869677165318,
perpendicular,49,50,normal,-0.028241315778088638,0.14168212692264592,
height,49,50,normal,-0.08050573441419709,0.17193401946019016,
yaw,49,50,normal,-0.02419273389037615,0.09939989502503284,
width,49,50,normal,0.005506960193762619,0.40192622751179985,
length,49,50,normal,0.0009546324554900551,0.1690605686334034,
box_height,49,50,normal,-0.004489761836519848,0.20507121183273225,
distal,50,51,normal,0.00961813154281945,0.24604406068459572,
perpendicular,50,51,normal,-0.04234242535881309,0.1438966854453386,
height,50,51,normal,-0.10266552623767253,0.1863586394090818,
yaw,50,51,normal,-0.039388954957557,0.0912743608534322,
width,50,51,normal,-0.05952569936147325,0.3699766277492142,
length,50,51,normal,-0.03368906940155399,0.1674875365122815,
box_height,50,51,normal,-0.01655541782517699,0.2318526795796075,
distal,51,52,normal,0.02037029718359993,0.24262248004204184,
perpendicular,51,52,normal,-0.03125562884064598,0.1453186539427017,
height,51,52,normal,-0.09889750226554957,0.17059008717793397,
yaw,51,52,normal,-0.04152799639984379,0.09656152699403102,
width,51,52,normal,-0.05835100096099231,0.39992291389566864,
length,51,52,normal,-0.032947684902182514,0.15380899041989,
box_height,51,52,normal,0.02122662505325006,0.22200843709191923,
distal,52,53,normal,-0.013123380048692564,0.22930527751615218,
perpendicular,52,53,normal,-0.05345810615800657,0.15633881305582453,
height,52,53,normal,-0.0938898852847992,0.17759247413528478,
yaw,52,53,normal,-0.04070622556678336,0.10620251473503269,
width,52,53,normal,-0.053938168794550795,0.4076476464621541,
length,52,53,normal,-0.041942942966806125,0.15929005584703548,
box_height,52,53,normal,0.0019605365839410337,0.21874831156225585,
distal,53,54,normal,-0.022143300902943322,0.26087043521096326,
perpendicular,53,54,normal,-0.05225823932629689,0.15102580503147198,
height,53,54,normal,-0.11813091596465873,0.19955804744436373,
yaw,53,54,normal,-0.0412561575317928,0.0981521632253196,
width,53,54,normal,-0.10591507630662111,0.502194672843941,
length,53,54,normal,-0.06120507096795826,0.18377496790933343,
box_height,53,54,normal,-0.06724735188259974,0.25810563868353215,
distal,54,55,normal,0.01209084060381268,0.26779694046195635,
perpendicular,54,55,normal,-0.05528119253369321,0.1532777326713528,
height,54,55,normal,-0.0966694526215817,0.1843916392732519,
yaw,54,55,normal,-0.04894562716385844,0.1066999481263833,
width,54,55,normal,-0.054894375040176066,0.47201256705198874,
length,54,55,normal,-0.01845620572566986,0.14574618253868457,
box_height,54,55,normal,-0.03322183959027554,0.21558316578284611,
distal,55,56,normal,0.016663955177163424,0.2758249344785068,
perpendicular,55,56,normal,-0.04135336070747373,0.14929248690673635,
height,55,56,normal,-0.11886248742259524,0.19810379964613536,
yaw,55,56,normal,-0.035534662116960644,0.09944958504141925,
width,55,56,normal,-0.07662216597383127,0.5362563409119236,
length,55,56,normal,-0.05894049421046515,0.16575941207968745,
box_height,55,56,normal,-0.07366470233449396,0.26689132099400004,
distal,56,57,normal,0.0017462502971529164,0.23648670097848265,
perpendicular,56,57,normal,0.01578548098824289,0.21587351009460562,
height,56,57,normal,-0.04638302406568206,0.17779134036203198,
yaw,56,57,normal,-0.06018374807204783,0.1086313646913219,
width,56,57,normal,-0.04007335459248403,0.4693391312839049,
length,56,57,normal,-0.10114526266462348,0.1662945680476824,
box_height,56,57,normal,-0.0669722032011225,0.22665460904825496,
distal,57,58,normal,0.04483441097293922,0.2941254223857107,
perpendicular,57,58,normal,-0.011926928130297972,0.17826671348547857,
height,57,58,normal,-0.0618232175455255,0.16602202725432622,
yaw,57,58,normal,-0.035995783086401084,0.09136530879512504,
width,57,58,normal,-0.04140036523678882,0.4637090384059776,
length,57,58,normal,-0.06319581047963288,0.182507447327424,
box_height,57,58,normal,-0.03787214809891868,0.23970964690786636,
distal,58,59,normal,0.057282631547121966,0.2941901275464331,
perpendicular,58,59,normal,-0.030109292573252407,0.16228598124083776,
height,58,59,normal,-0.09333392438736368,0.16983204433733273,
yaw,58,59,normal,-0.054576912850359836,0.09470395684737241,
width,58,59,normal,0.040144693344197374,0.48257794084105043,
length,58,59,normal,-0.06087467264621816,0.18097629982489224,
box_height,58,59,normal,-0.025402910531835354,0.22689376788325497,
distal,59,60,normal,0.004700471681275846,0.28430800211172486,
perpendicular,59,60,normal,-0.04889896292665283,0.1787563367627567,
height,59,60,normal,-0.09619424310890404,0.17368745487465878,
yaw,59,60,normal,-0.054303823112022434,0.11923945044971915,
width,59,60,normal,-0.02327542562742491,0.5000334098306736,
length,59,60,normal,-0.07803012229300835,0.18164194794320251,
box_height,59,60,normal,-0.01765207793261554,0.22215252939393154,
distal,60,61,normal,-0.01872913207546931,0.21913063642943384,
perpendicular,60,61,normal,-0.07426640598670052,0.1688925871935339,
height,60,61,normal,-0.09727851495350877,0.178847956331516,
yaw,60,61,normal,-0.057560687212285286,0.11170201564053306,
width,60,61,normal,-0.07986487591103332,0.3864387223398368,
length,60,61,normal,-0.08346559331841664,0.18640540175280934,
box_height,60,61,normal,-0.02777166480887426,0.21590641786339582,
distal,61,62,normal,-0.0034518724951453214,0.2557873756921866,
perpendicular,61,62,normal,-0.061823682088865795,0.15439261846213828,
height,61,62,normal,-0.10164535997294578,0.17835442227600126,
yaw,61,62,normal,-0.055152569022996506,0.10236129751266748,
width,61,62,normal,-0.04145187289774919,0.4512258234338633,
length,61,62,normal,-0.048807078048962504,0.15568697887376887,
box_height,61,62,normal,-0.03024729059523895,0.21952537139998718,
distal,62,63,normal,0.023616938714248553,0.23298971741419158,
perpendicular,62,63,normal,-0.09769489335530451,0.13973807083187736,
height,62,63,normal,-0.12206966402354064,0.1807107953698987,
yaw,62,63,normal,-0.07286496827971785,0.10624870540677613,
width,62,63,normal,-0.025081771391409415,0.3886574724881465,
length,62,63,normal,-0.05159334783200865,0.15492880530918426,
box_height,62,63,normal,-0.014599467869158144,0.22096722734293353,
distal,63,64,normal,0.013425080541434445,0.2638084307777995,
perpendicular,63,64,normal,-0.08681516037473534,0.17990697309652842,
height,63,64,normal,-0.10867227826799665,0.18300275507506783,
yaw,63,64,normal,-0.0794471273847867,0.12206248549939351,
width,63,64,normal,-0.038184280906404765,0.46727775743099315,
length,63,64,normal,-0.0510054166827883,0.15662860957238087,
box_height,63,64,normal,-0.016276370201792036,0.20989117868036714,
distal,64,65,normal,0.05340976388434733,0.2351524721990565,
perpendicular,64,65,normal,-0.024236293074534218,0.14842533969022798,
height,64,65,normal,-0.16042749418152702,0.20246180043639123,
yaw,64,65,normal,-0.06257151049303138,0.10312320098746627,
width,64,65,normal,-0.05201487187986021,0.4240787532741215,
length,64,65,normal,-0.05597670541869269,0.170986990034941,
box_height,64,65,normal,-0.07078084460011234,0.2551814763199229,
distal,65,66,normal,0.03982330612152386,0.2245343487001177,
perpendicular,65,66,normal,-0.02944219468076768,0.17363104625447034,
height,65,66,normal,-0.12215286082234876,0.19745415793770182,
yaw,65,66,normal,-0.0736995586654947,0.10942685550632536,
width,65,66,normal,-0.0009275332264516545,0.39851437195389483,
length,65,66,normal,-0.03497306231794686,0.16446734339562127,
box_height,65,66,normal,-0.005430247591829848,0.2176304498600164,
distal,66,67,normal,0.06848453191615436,0.21957740143285476,
perpendicular,66,67,normal,-0.043094374665672966,0.17243283591897393,
height,66,67,normal,-0.07596607623475321,0.18751430991486015,
yaw,66,67,normal,-0.058868809142396714,0.126818978938266,
width,66,67,normal,0.022455376185727922,0.4022405813331315,
length,66,67,normal,-0.022105649615941424,0.13502580721123908,
box_height,66,67,normal,0.00730337051863081,0.20429229001250582,
distal,67,68,normal,0.025291544710914972,0.25958283174696095,
perpendicular,67,68,normal,-0.03910926717272853,0.1763159693140634,
height,67,68,normal,-0.0915637593420725,0.18699294160116267,
yaw,67,68,normal,-0.04711941328158463,0.11993447069716444,
width,67,68,normal,-0.007309058355906653,0.39862393581900574,
length,67,68,normal,-0.03869608091929602,0.17383048882747246,
box_height,67,68,normal,-0.002881561006818499,0.23888512111600857,
distal,68,69,normal,0.09082120089837642,0.17507645844015393,
perpendicular,68,69,normal,-0.02460145898237607,0.19199984235935513,
height,68,69,normal,-0.10375195741653442,0.164315198728983,
yaw,68,69,normal,-0.07757442857044972,0.1116399781444889,
width,68,69,normal,0.04245410531254138,0.3495746193190834,
length,68,69,normal,-0.010459251322988736,0.15145731071279803,
box_height,68,69,normal,0.02580259816121247,0.2336613572154539,
distal,69,70,normal,0.1699572456059298,0.29340867955075234,
perpendicular,69,70,normal,-0.022348920568155437,0.15203219442735857,
height,69,70,normal,-0.14643008386095366,0.13569252032329002,
yaw,69,70,normal,0.019088405239268875,0.12238890650335642,
width,69,70,normal,0.058184146881103516,0.4626872916929115,
length,69,70,normal,-0.018388472497463226,0.18315074509528687,
box_height,69,70,normal,0.04594394564628601,0.1805033912439865,
distal,70,71,normal,0.15966773148670504,0.2156230764235101,
perpendicular,70,71,normal,-0.032033244384258315,0.18348579955960642,
height,70,71,normal,-0.12524085977803107,0.14089841825852817,
yaw,70,71,normal,-0.016503809311431295,0.13408891194188102,
width,70,71,normal,0.0757250025652457,0.3567422071038218,
length,70,71,normal,-0.002721703570822011,0.16575818034467138,
box_height,70,71,normal,0.04873574298361073,0.15478372945838056,
distal,71,72,normal,0.04179397039884933,0.18907465317000466,
perpendicular,71,72,normal,0.1305880419881248,0.20295202311018912,
height,71,72,normal,-0.10760585268338521,0.09811473356291725,
yaw,71,72,normal,0.07264528124309103,0.1439136319770583,
width,71,72,normal,0.05086976687113444,0.35513428958789384,
length,71,72,normal,0.12191834847132364,0.1457757032092374,
box_height,71,72,normal,0.056326448917388916,0.16400070051535454,
distal,72,73,normal,-0.10704598796486262,0.3375505668282121,
perpendicular,72,73,normal,-0.08705527437737574,0.11769815154095635,
height,72,73,normal,-0.07633060216903687,0.13739659173772598,
yaw,72,73,normal,-0.07271757896831517,0.08641537553582998,
width,72,73,normal,-0.329236364364624,0.4493937114328035,
length,72,73,normal,-0.11731477975845336,0.1898817869183915,
box_height,72,73,normal,0.04956519603729248,0.1700039920192098,
distal,73,74,normal,0.012158221731489635,0.1449373010577321,
perpendicular,73,74,normal,-0.05941205391221683,0.11078242883579377,
height,73,74,normal,-0.07443294922510783,0.14186074319366987,
yaw,73,74,normal,0.015212869541562904,0.04973045199335371,
width,73,74,normal,0.48548491795857746,0.3738409498580895,
length,73,74,normal,0.19568260510762533,0.15037846873581026,
box_height,73,74,normal,0.2642536560694377,0.2664802792120825,
distal,74,75,normal,-0.006513885020665244,0.21208736125004554,
perpendicular,74,75,normal,-0.0915116406234748,0.17511396861864037,
height,74,75,normal,0.03290711981909616,0.15620061228506293,
yaw,74,75,normal,-0.015503272200204674,0.08261318895378006,
width,74,75,normal,-0.19790090833391463,0.36227172831423765,
length,74,75,normal,0.02817722729274205,0.39169838728142903,
box_height,74,75,normal,-0.20267784595489502,0.3602604559100099,
distal,75,76,normal,-0.02410857623962871,0.009795202784877142,
perpendicular,75,76,normal,-0.15535125874996597,0.009749773198248726,
height,75,76,normal,0.0232679545879364,0.09714218974113464,
yaw,75,76,normal,-0.04376832081983295,0.030109442304819822,
width,75,76,normal,-0.1963810920715332,0.263491153717041,
length,75,76,normal,-0.19809794425964355,0.3308393955230713,
box_height,75,76,normal,0.1649879813194275,0.05126374959945679,
distal,76,77,normal,0.03872558357826907,0.0,
perpendicular,76,77,normal,-0.19578995645499933,0.0,
height,76,77,normal,-0.017260849475860596,0.0,
yaw,76,77,normal,-0.09846560855443087,0.0,
width,76,77,normal,0.22224092483520508,0.0,
length,76,77,normal,0.15895724296569824,0.0,
box_height,76,77,normal,0.09709298610687256,0.0,
distal,77,78,normal,0.3628451841507632,0.0,
perpendicular,77,78,normal,-0.3163465609486445,0.0,
height,77,78,normal,0.059228360652923584,0.0,
yaw,77,78,normal,-0.12375518878037539,0.0,
width,77,78,normal,0.09335660934448242,0.0,
length,77,78,normal,0.07406055927276611,0.0,
box_height,77,78,normal,0.08257758617401123,0.0,
distal,79,80,normal,0.25719144384657583,0.0,
perpendicular,79,80,normal,-0.2766697294631897,0.0,
height,79,80,normal,0.23344916105270386,0.0,
yaw,79,80,normal,-0.2737049927287778,0.0,
width,79,80,normal,0.058012962341308594,0.0,
length,79,80,normal,0.11849832534790039,0.0,
box_height,79,80,normal,0.11885392665863037,0.0,
