# PointPillar V2V4Real, tesla ego, score_threshold=0.2 (baseline, V2V4Real published)
# MAE linear: abs_error = intercept + slope * distance
# MAE quadratic: abs_error = quad_a * d^2 + quad_b * d + quad_c
# Std linear: std = std_intercept + std_slope * distance
# Std quadratic: std = std_quad_a * d^2 + std_quad_b * d + std_quad_c
# Var linear: var = var_intercept + var_slope * distance
# Var quadratic: var = var_quad_a * d^2 + var_quad_b * d + var_quad_c
# Bias linear: signed_bias = bias_intercept + bias_slope * distance
# Bias quadratic: signed_bias = bias_quad_a * d^2 + bias_quad_b * d + bias_quad_c
# MSE (for R matrix) = bias^2 + variance (bias-variance decomposition)

error_type,intercept,slope,quad_a,quad_b,quad_c,bias_intercept,bias_slope,bias_quad_a,bias_quad_b,bias_quad_c,std_intercept,std_slope,std_quad_a,std_quad_b,std_quad_c,var_intercept,var_slope,var_quad_a,var_quad_b,var_quad_c,unit,notes
radial,0.133378,0.001377,-1.168646e-05,0.002105935,0.124739,-0.062311,0.001599,-2.775867e-05,0.003329735,-0.08283086,0.214242,3e-05,-9.755644e-05,0.007941908,0.1021059,0.042011,0.000204,-3.11262e-05,0.002728933,0.006232948,meters,Range error
lateral,0.108895,0.00035,1.584105e-05,-0.0006374341,0.1206044,-0.001083,-0.00045,-1.762455e-05,0.0006489725,-0.01411135,0.178782,-0.000634,-2.486153e-05,0.001382265,0.1502053,0.030161,-0.000122,-9.336744e-07,-4.591163e-05,0.02908761,meters,Cross-range error
vertical,0.039304,0.002285,-1.130906e-06,0.002355161,0.03846852,-0.004679,-0.00145,-1.095738e-05,-0.000766688,-0.01277849,0.093391,0.000924,-7.0057e-05,0.006605982,0.01286371,0.007962,0.000283,-1.452158e-05,0.001460373,-0.008729678,meters,Elevation error
yaw,0.036767,0.000861,6.520145e-06,0.0004548589,0.04158661,0.043219,-0.001486,-4.397462e-06,-0.001211641,0.0399679,0.063679,0.000453,-3.456887e-05,0.003256677,0.02394391,0.003455,0.000101,-3.813036e-06,0.0004101303,-0.0009280796,radians,Heading angle
width,0.289138,0.000963,3.157522e-05,-0.001006305,0.3124785,-0.147911,0.002158,-5.548374e-05,0.00561823,-0.1889257,0.438548,-0.00102,-0.0001011384,0.007182481,0.3222939,0.17995,-0.000334,-5.096311e-05,0.003798948,0.1213702,meters,Box width
length,0.139935,-3.4e-05,2.854766e-06,-0.0002121284,0.1420457,-0.079318,0.000917,-4.262994e-05,0.003575803,-0.1108302,0.174726,-0.000169,-1.970428e-05,0.001429267,0.1520765,0.026724,9.3e-05,1.893151e-06,-6.043392e-05,0.02889961,meters,Box length
box_height,0.082065,0.001756,-9.565092e-06,0.00235292,0.0749948,-0.034381,0.000278,5.383974e-06,-5.74212e-05,-0.0304007,0.145223,0.000799,-7.211045e-05,0.006647183,0.06233521,0.018144,0.000417,-1.680098e-05,0.001779508,-0.00116741,meters,Box height
miss_rate,-0.060282,0.005045,9.794299e-06,0.004066604,-0.04099586,,,,,,,,,,,,,,,,probability,Miss rate
