# PointPillar V2V4Real, astuff ego, score_threshold=0.2 (baseline, V2V4Real published)
# MAE linear: abs_error = intercept + slope * distance
# MAE quadratic: abs_error = quad_a * d^2 + quad_b * d + quad_c
# Std linear: std = std_intercept + std_slope * distance
# Std quadratic: std = std_quad_a * d^2 + std_quad_b * d + std_quad_c
# Var linear: var = var_intercept + var_slope * distance
# Var quadratic: var = var_quad_a * d^2 + var_quad_b * d + var_quad_c
# Bias linear: signed_bias = bias_intercept + bias_slope * distance
# Bias quadratic: signed_bias = bias_quad_a * d^2 + bias_quad_b * d + bias_quad_c
# MSE (for R matrix) = bias^2 + variance (bias-variance decomposition)

error_type,intercept,slope,quad_a,quad_b,quad_c,bias_intercept,bias_slope,bias_quad_a,bias_quad_b,bias_quad_c,std_intercept,std_slope,std_quad_a,std_quad_b,std_quad_c,var_intercept,var_slope,var_quad_a,var_quad_b,var_quad_c,unit,notes
radial,0.121642,0.00169,-3.14297e-06,0.001901404,0.1189479,-0.013709,0.000697,-3.398657e-05,0.002979238,-0.04284366,0.198989,0.000532,-9.862693e-05,0.008521267,0.08593743,0.035237,0.000454,-2.98479e-05,0.002871632,0.001024308,meters,Range error
lateral,0.093391,0.000589,2.368964e-05,-0.001001742,0.1136988,0.007156,-0.00072,1.182489e-05,-0.001514639,0.01729315,0.147794,2.5e-05,-2.165336e-05,0.001778932,0.1229735,0.019496,0.000114,7.730686e-08,0.0001078875,0.01958455,meters,Cross-range error
vertical,0.055246,0.001173,-1.52048e-06,0.001275606,0.05394285,-0.021051,0.000116,4.075147e-06,-0.0001581221,-0.01755809,0.095441,0.000495,-5.324154e-05,0.004807618,0.03441255,0.00778,0.000177,-8.507864e-06,0.0008662482,-0.001971759,meters,Elevation error
yaw,0.039264,0.000807,1.015141e-05,0.000125096,0.04796574,0.035986,-0.001087,-2.081411e-06,-0.0009476489,0.03420193,0.092935,0.000101,-2.797597e-05,0.002366722,0.06086711,0.007621,6.6e-05,-3.139676e-06,0.0003205911,0.004022352,radians,Heading angle
width,0.253796,0.00168,1.369131e-05,0.000760028,0.2655328,-0.044119,-0.000469,-3.57078e-05,0.001929362,-0.07472907,0.419218,-0.000511,-0.0001019677,0.00774845,0.3023379,0.158101,0.000307,-4.305976e-05,0.003794486,0.1087438,meters,Box width
length,0.131244,0.000653,5.87248e-06,0.0002583425,0.1362782,-0.020712,-0.000586,-2.563604e-05,0.001135811,-0.04268867,0.235351,-0.000856,-6.750849e-05,0.004612631,0.1579695,0.049784,-0.000159,-1.710566e-05,0.001226636,0.03017635,meters,Box length
box_height,0.091554,0.001113,4.470732e-06,0.0008129071,0.09538676,-0.029433,-0.000162,-3.964193e-06,0.0001038271,-0.0328308,0.148543,0.000329,-5.481843e-05,0.004769013,0.0857077,0.019227,0.000232,-1.038847e-05,0.00107313,0.007319378,meters,Box height
miss_rate,-0.051431,0.005155,5.26538e-05,0.0003609866,0.03508195,,,,,,,,,,,,,,,,probability,Miss rate
