# PointPillar V2V4Real, astuff ego, score_threshold=0.2 (baseline, V2V4Real published) - Binned error distributions (normal from bias/bias_std)
# score: P(score | TP, bin) — param1=mean, param2=std, param3=n_matched
# fp_score: P(score | FP, bin) — param1=mean, param2=std, param3=n_fp
# fp_rate: poisson — param1=lambda (FPs/ego-frame), param2=n_fp, param3=

error_type,dist_min,dist_max,distribution,param1,param2,param3
distal,2,3,normal,-0.032199920521723956,0.0860032028869513,
perpendicular,2,3,normal,0.08937670275657596,0.12298317442272037,
height,2,3,normal,-0.06606346368789673,0.04571728762004059,
yaw,2,3,normal,-0.011414284885783369,0.10395737376335122,
width,2,3,normal,0.036655823389689125,0.5062160975435946,
length,2,3,normal,0.04387150208155314,0.18268594777857425,
box_height,2,3,normal,-0.05966691176096598,0.11271173937649238,
score,2,3,normal,0.5222159971793493,0.09255707617627304,7
fp_score,2,3,normal,0.48851537704467773,0.0,1
fp_rate,2,3,poisson,0.00012733987011333248,1,
distal,3,4,normal,-0.09813386678087441,0.16690815908506246,
perpendicular,3,4,normal,0.027095812817024653,0.22529111569813182,
height,3,4,normal,-0.019305964935096353,0.08552341559579114,
yaw,3,4,normal,0.0033637136045222664,0.11169611778318676,
width,3,4,normal,-0.15304372489556384,0.43638798327372913,
length,3,4,normal,-0.09394026988463876,0.23265287451033503,
box_height,3,4,normal,-0.05182019058114363,0.10733306994314039,
score,3,4,normal,0.6140202514268133,0.11633724607543991,586
fp_score,3,4,normal,0.5030311379167769,0.1406889951426443,18
fp_rate,3,4,poisson,0.0022921176620399847,18,
distal,4,5,normal,-0.06893469391895635,0.13971322783036952,
perpendicular,4,5,normal,0.006686492516530936,0.18479999302509104,
height,4,5,normal,-0.002473272549453178,0.06398045166944326,
yaw,4,5,normal,0.016372070930740674,0.0973430073804651,
width,4,5,normal,-0.11163664263112066,0.36398479043889553,
length,4,5,normal,-0.0652787500414355,0.192915699033846,
box_height,4,5,normal,-0.04667334225308339,0.0921736756896873,
score,4,5,normal,0.7028419072258061,0.10691599433943062,1035
fp_score,4,5,normal,0.547475376062923,0.22594107739200572,54
fp_rate,4,5,poisson,0.006876352986119954,54,
distal,5,6,normal,-0.046345244752077026,0.18431533731931862,
perpendicular,5,6,normal,-0.002873576150296723,0.14168567130637935,
height,5,6,normal,-0.017384257842236617,0.08665099702090413,
yaw,5,6,normal,0.03115335164293863,0.08118995862863193,
width,5,6,normal,-0.1340343640075894,0.4056973379230099,
length,5,6,normal,-0.040765476039075474,0.20022805761172902,
box_height,5,6,normal,-0.04918320113279688,0.12793771209968807,
score,5,6,normal,0.7236395876004001,0.10414392972404873,538
fp_score,5,6,normal,0.5974788338593815,0.20049025257363673,46
fp_rate,5,6,poisson,0.005857634025213295,46,
distal,6,7,normal,-0.02008988608675717,0.15925869528466627,
perpendicular,6,7,normal,0.0008871280742698686,0.18611097737966714,
height,6,7,normal,-0.03461148255540355,0.09716309286490993,
yaw,6,7,normal,0.02219722768004456,0.09431945211627009,
width,6,7,normal,-0.12018455430515322,0.43724157792627033,
length,6,7,normal,-0.05629471883785592,0.22000180282359807,
box_height,6,7,normal,-0.06217691070217137,0.1615338737084381,
score,6,7,normal,0.6890395534569018,0.12364408675512534,867
fp_score,6,7,normal,0.5644363811110505,0.1883047395612136,101
fp_rate,6,7,poisson,0.012861326881446582,101,
distal,7,8,normal,-0.03780207495177687,0.17727279022363232,
perpendicular,7,8,normal,0.003520388184737223,0.13864427994227504,
height,7,8,normal,-0.024752050906688243,0.08531716329901241,
yaw,7,8,normal,0.017700427884862972,0.08796676389944859,
width,7,8,normal,-0.09046058249366176,0.37738967105784166,
length,7,8,normal,-0.07520741090044245,0.21921250179390417,
box_height,7,8,normal,-0.03437993816427282,0.1402979620350146,
score,7,8,normal,0.7022151085338345,0.1143586196420598,1012
fp_score,7,8,normal,0.5741984341955427,0.15566482571712792,197
fp_rate,7,8,poisson,0.0250859544123265,197,
distal,8,9,normal,0.009631812280267417,0.19118890569729557,
perpendicular,8,9,normal,-0.009153379239693782,0.125538867511582,
height,8,9,normal,-0.026791756745152825,0.08233125453398074,
yaw,8,9,normal,0.028805271358266944,0.061088902299980534,
width,8,9,normal,0.013066381736089719,0.396506027971405,
length,8,9,normal,-0.015648797454449956,0.1649786927867986,
box_height,8,9,normal,-0.017732138281700595,0.1420285238586734,
score,8,9,normal,0.6938781663275405,0.1120085292962469,1566
fp_score,8,9,normal,0.5056921650655568,0.18314778771062512,160
fp_rate,8,9,poisson,0.020374379218133197,160,
distal,9,10,normal,-0.021885447152476624,0.1787312545099228,
perpendicular,9,10,normal,-0.008677341984933546,0.12842523434550937,
height,9,10,normal,-0.006676559929786167,0.08582809693061827,
yaw,9,10,normal,0.034311457326719294,0.07654550636947614,
width,9,10,normal,-0.034253655280140016,0.3681539682878881,
length,9,10,normal,-0.009559942088347994,0.1911877579259225,
box_height,9,10,normal,-0.03610422254604377,0.12659212367799683,
score,9,10,normal,0.693941438297657,0.11543472478139605,1435
fp_score,9,10,normal,0.550068227817183,0.18821712827058018,184
fp_rate,9,10,poisson,0.02343053610085318,184,
distal,10,11,normal,-0.03626447453615063,0.16348067307373954,
perpendicular,10,11,normal,0.008947425838329331,0.12527102056151987,
height,10,11,normal,-0.00240175826264045,0.08134654193668175,
yaw,10,11,normal,0.012869239068299213,0.08457895739280787,
width,10,11,normal,-0.03721173710421837,0.35707137042513354,
length,10,11,normal,-0.015689678273154695,0.1893314472707702,
box_height,10,11,normal,-0.033359425353386644,0.12313168338809508,
score,10,11,normal,0.7044720517706524,0.11224495661827796,1311
fp_score,10,11,normal,0.4875469376412473,0.20368886815907122,129
fp_rate,10,11,poisson,0.01642684324461989,129,
distal,11,12,normal,-0.008785349619533414,0.1844893531875404,
perpendicular,11,12,normal,0.012262077656596437,0.12994740143960973,
height,11,12,normal,-0.0234846973704436,0.09167612634848729,
yaw,11,12,normal,0.04011696816846022,0.08611051761577469,
width,11,12,normal,-0.05399071801814101,0.3665316113933077,
length,11,12,normal,-0.039030254065455613,0.18832380470044888,
box_height,11,12,normal,-0.03600743760615736,0.1441732206082669,
score,11,12,normal,0.6750558476415969,0.1514491682152573,1069
fp_score,11,12,normal,0.44294997361990124,0.18993700798021929,117
fp_rate,11,12,poisson,0.014898764803259901,117,
distal,12,13,normal,0.016465049664274038,0.19102776033095406,
perpendicular,12,13,normal,-0.000804355468198171,0.12702398562144263,
height,12,13,normal,-0.015771401501384494,0.08590909771619475,
yaw,12,13,normal,0.031510390045635384,0.08426177201100998,
width,12,13,normal,-0.054182148906107085,0.34746123995770245,
length,12,13,normal,-0.029717829817399413,0.19768040547625498,
box_height,12,13,normal,-0.027942420149142024,0.14868198155169124,
score,12,13,normal,0.7098420774278466,0.15754755923511077,1070
fp_score,12,13,normal,0.45591480828200776,0.19014388321400158,192
fp_rate,12,13,poisson,0.024449255061759836,192,
distal,13,14,normal,-0.013564926622859226,0.18544859010161846,
perpendicular,13,14,normal,0.01415890669034676,0.14554112969666408,
height,13,14,normal,-0.030483465495072012,0.09113790147797542,
yaw,13,14,normal,0.02496891361719679,0.09378423133210222,
width,13,14,normal,-0.052181229347319114,0.37641356062054215,
length,13,14,normal,-0.07266447745908902,0.22354269712904826,
box_height,13,14,normal,-0.03466434366121067,0.14481387788448433,
score,13,14,normal,0.6567279431294268,0.17291381133807943,1118
fp_score,13,14,normal,0.4425253971534617,0.19451886944313032,170
fp_rate,13,14,poisson,0.021647777919266524,170,
distal,14,15,normal,-0.013616223091269641,0.1915526149026152,
perpendicular,14,15,normal,-0.011789586862384398,0.13039730745120287,
height,14,15,normal,-0.01021534636400748,0.08751173306627125,
yaw,14,15,normal,0.02498583875487029,0.08050340626893204,
width,14,15,normal,-0.06904000954218666,0.37723618581604523,
length,14,15,normal,-0.040703671831749756,0.19357614401220002,
box_height,14,15,normal,-0.03883808618670988,0.15611732001359827,
score,14,15,normal,0.7088681750140727,0.12337813529987963,979
fp_score,14,15,normal,0.4234251960694233,0.16569222686307558,214
fp_rate,14,15,poisson,0.027250732204253152,214,
distal,15,16,normal,0.012097861640544475,0.18834296699540795,
perpendicular,15,16,normal,-0.0005459150870125944,0.12966224756510003,
height,15,16,normal,-0.009401212776860884,0.08939237121520428,
yaw,15,16,normal,0.018810453709340758,0.09163425688568591,
width,15,16,normal,-0.006043139124108899,0.38630152657930306,
length,15,16,normal,-0.042065103928889,0.22606975566576032,
box_height,15,16,normal,-0.03667914843366992,0.14016698654436185,
score,15,16,normal,0.7222927782023626,0.12667137584673102,1069
fp_score,15,16,normal,0.4556141400059988,0.19444713067059763,215
fp_rate,15,16,poisson,0.027378072074366485,215,
distal,16,17,normal,0.03118516013903708,0.20104172732867345,
perpendicular,16,17,normal,0.018260117800674998,0.14708645951218324,
height,16,17,normal,-0.016795398302951448,0.08217819786978267,
yaw,16,17,normal,0.017795596259220454,0.08368769904330403,
width,16,17,normal,-0.011268316950361434,0.3440847505927296,
length,16,17,normal,-0.03189852571573035,0.19764703962154456,
box_height,16,17,normal,-0.028591965858555352,0.13678926071393993,
score,16,17,normal,0.6726819440802723,0.16158481850135267,1198
fp_score,16,17,normal,0.43571233910294205,0.19338259097763877,213
fp_rate,16,17,poisson,0.02712339233413982,213,
distal,17,18,normal,0.025553390531502757,0.19406243544511342,
perpendicular,17,18,normal,0.00518903923393556,0.13694589101411717,
height,17,18,normal,-0.019982022281772812,0.09648330532551454,
yaw,17,18,normal,0.023717481249900103,0.07356361945512989,
width,17,18,normal,-0.04046112148067619,0.36517428175428707,
length,17,18,normal,0.003997574375651557,0.20452800991115194,
box_height,17,18,normal,-0.04166545420256345,0.16289619999584923,
score,17,18,normal,0.6890631825591106,0.12975380944048615,1522
fp_score,17,18,normal,0.36659901632231356,0.1347142776655308,467
fp_rate,17,18,poisson,0.05946771934292627,467,
distal,18,19,normal,-0.020105269947921535,0.2055699959164996,
perpendicular,18,19,normal,-0.001778555309717347,0.11984411492774862,
height,18,19,normal,-0.019448962093797362,0.11622641662745442,
yaw,18,19,normal,0.022700104642641876,0.08215147863167185,
width,18,19,normal,-0.09111815391473435,0.36350402165974843,
length,18,19,normal,-0.019817497462683187,0.22357251330207356,
box_height,18,19,normal,-0.02656545581130726,0.15472385536595842,
score,18,19,normal,0.69762962574835,0.12629763343186148,1287
fp_score,18,19,normal,0.47107881829661175,0.15412386832780578,431
fp_rate,18,19,poisson,0.0548834840188463,431,
distal,19,20,normal,0.030595839629133256,0.23163820203311575,
perpendicular,19,20,normal,-0.016774611308624416,0.11951534524684981,
height,19,20,normal,-0.02782789784941015,0.10775141379984109,
yaw,19,20,normal,-0.0030429752060554113,0.10728054891229268,
width,19,20,normal,-0.04827554315994957,0.37561604458242054,
length,19,20,normal,-0.012956770916764518,0.22234462652472722,
box_height,19,20,normal,-0.03551306564622231,0.1705764550739425,
score,19,20,normal,0.6780400442888669,0.13328435085144955,1437
fp_score,19,20,normal,0.4275433062354014,0.17340082113947675,336
fp_rate,19,20,poisson,0.04278619635807972,336,
distal,20,21,normal,-0.012167520532714247,0.20056680848464262,
perpendicular,20,21,normal,-0.004355032473510495,0.1304484081522933,
height,20,21,normal,-0.022025444667801083,0.10697758147811214,
yaw,20,21,normal,0.020221727584324854,0.07639531638729531,
width,20,21,normal,-0.07900850066083222,0.3606449015978922,
length,20,21,normal,-0.013141316764439519,0.2181641691462159,
box_height,20,21,normal,-0.018765602375678866,0.15910667156462968,
score,20,21,normal,0.6950454096666909,0.14360732024800507,1395
fp_score,20,21,normal,0.3638796207056008,0.16723996389485868,507
fp_rate,20,21,poisson,0.06456131414745957,507,
distal,21,22,normal,-0.0004379388325050372,0.1906696939341285,
perpendicular,21,22,normal,0.007775406267194003,0.13343595741647946,
height,21,22,normal,-0.03174215496755114,0.09750474486026534,
yaw,21,22,normal,0.020500491438748335,0.0808958708818455,
width,21,22,normal,-0.02635911149916306,0.3842756034048893,
length,21,22,normal,-0.022340119274613126,0.18300793829582593,
box_height,21,22,normal,-0.017906534827612584,0.15140564309036864,
score,21,22,normal,0.6763110210595568,0.13692630540981302,1655
fp_score,21,22,normal,0.4130169607083732,0.17166225285909273,327
fp_rate,21,22,poisson,0.04164013752705972,327,
distal,22,23,normal,0.005367640800622219,0.1958055082172843,
perpendicular,22,23,normal,-0.005041141866660969,0.14498715489524963,
height,22,23,normal,-0.022187234915878023,0.09984957220766945,
yaw,22,23,normal,0.0028450908611673664,0.09207191676385362,
width,22,23,normal,-0.05137858937265045,0.39065155090879516,
length,22,23,normal,-0.017550135903412912,0.2307353763651642,
box_height,22,23,normal,-0.01730390172603663,0.15915885162354496,
score,22,23,normal,0.6819031731047793,0.1396359076026877,1354
fp_score,22,23,normal,0.39652456328420355,0.17754097663595358,505
fp_rate,22,23,poisson,0.0643066344072329,505,
distal,23,24,normal,0.020871558604326806,0.20273682910749177,
perpendicular,23,24,normal,-0.008413927930547177,0.14329931450744843,
height,23,24,normal,-0.018512783776406073,0.09990987172237813,
yaw,23,24,normal,0.0037488698455163277,0.08533072759418975,
width,23,24,normal,-0.07015177441704633,0.3608228622208913,
length,23,24,normal,-0.03463804049029449,0.21687659249285351,
box_height,23,24,normal,-0.015344219764958126,0.16291478202368326,
score,23,24,normal,0.6674663947217037,0.14749452959839812,1374
fp_score,23,24,normal,0.39813264712792673,0.17523306883890577,588
fp_rate,23,24,poisson,0.0748758436266395,588,
distal,24,25,normal,0.002991959164660888,0.21295385628350777,
perpendicular,24,25,normal,-0.014637296225739648,0.13828766796984293,
height,24,25,normal,-0.027258683676549045,0.11110971028898352,
yaw,24,25,normal,0.013685979009768147,0.09675478145619738,
width,24,25,normal,-0.048846591776149195,0.4129959641225639,
length,24,25,normal,-0.023649633155255218,0.21895983270903585,
box_height,24,25,normal,-0.028640184474305695,0.16441720511740085,
score,24,25,normal,0.6617778247387172,0.14224317942274584,1189
fp_score,24,25,normal,0.3878111554375246,0.17184517764989965,398
fp_rate,24,25,poisson,0.05068126830510633,398,
distal,25,26,normal,0.04177482920192752,0.20201437211770587,
perpendicular,25,26,normal,-0.029809156145784093,0.1427514779114822,
height,25,26,normal,-0.008827674823285152,0.10083765482833995,
yaw,25,26,normal,0.025240423051182213,0.10504723374072002,
width,25,26,normal,-0.045363790937128314,0.35601205281859055,
length,25,26,normal,-0.03617223502040828,0.23486374054715498,
box_height,25,26,normal,-0.016825980879496927,0.15794344379920738,
score,25,26,normal,0.6384017719993578,0.1579239077620937,1569
fp_score,25,26,normal,0.42664893708416146,0.17478016091694415,548
fp_rate,25,26,poisson,0.06978224882210621,548,
distal,26,27,normal,0.03023947867746286,0.21126074830547822,
perpendicular,26,27,normal,-0.010491679344017858,0.13931215187725862,
height,26,27,normal,-0.022585438383971337,0.10310201803350279,
yaw,26,27,normal,0.011313208181825391,0.08383377896187695,
width,26,27,normal,-0.03981406694416813,0.39623888874639107,
length,26,27,normal,-0.03310671217256398,0.23041154851804532,
box_height,26,27,normal,-0.031766774656297306,0.15862639588660715,
score,26,27,normal,0.6746698091801306,0.1502979205091342,1380
fp_score,26,27,normal,0.3999687083748612,0.1777556639011556,469
fp_rate,26,27,poisson,0.05972239908315294,469,
distal,27,28,normal,0.016755854823604584,0.21531124994034778,
perpendicular,27,28,normal,-0.022523444148479288,0.16580370505392544,
height,27,28,normal,-0.03755277093295667,0.10859360978254416,
yaw,27,28,normal,0.0030018777617097517,0.08505246498216114,
width,27,28,normal,-0.08015655362713593,0.35704752390308575,
length,27,28,normal,-0.03631523141920525,0.2042926896440148,
box_height,27,28,normal,-0.01953292720273168,0.1484199242042064,
score,27,28,normal,0.6228574378923937,0.17501962007697094,1631
fp_score,27,28,normal,0.4130510363876195,0.18797772360367054,477
fp_rate,27,28,poisson,0.06074111804405959,477,
distal,28,29,normal,0.01636278632671278,0.21203837815037901,
perpendicular,28,29,normal,-0.02715783463530847,0.15055722330688787,
height,28,29,normal,-0.028612825355014287,0.11119823437611225,
yaw,28,29,normal,0.0037960231861843873,0.09182229158116553,
width,28,29,normal,-0.03796833712161738,0.37823279880332966,
length,28,29,normal,-0.056067082964775646,0.24716085212352873,
box_height,28,29,normal,-0.031004589036624865,0.15286840490661904,
score,28,29,normal,0.6752023384953098,0.14284578035917816,1471
fp_score,28,29,normal,0.39373913465657695,0.18463804769960923,562
fp_rate,28,29,poisson,0.07156500700369285,562,
distal,29,30,normal,0.008150981842696872,0.210569025399522,
perpendicular,29,30,normal,-0.015009341795585966,0.13743030258710048,
height,29,30,normal,-0.020477377676354165,0.10975898894411795,
yaw,29,30,normal,0.003914503561265882,0.08541116677198132,
width,29,30,normal,-0.05152868614908573,0.37772816234943346,
length,29,30,normal,-0.025264740484536887,0.21803139946534916,
box_height,29,30,normal,-0.0331600627655314,0.1447606457454016,
score,29,30,normal,0.6769774793734119,0.16342081540193792,1714
fp_score,29,30,normal,0.3958540141793106,0.1833535030750983,566
fp_rate,29,30,poisson,0.07207436648414618,566,
distal,30,31,normal,0.01019754866315401,0.22380122407143402,
perpendicular,30,31,normal,-0.013547684566177363,0.1352640303391027,
height,30,31,normal,-0.025793508966550013,0.11313743655483627,
yaw,30,31,normal,0.006003644253767319,0.08701491702932006,
width,30,31,normal,-0.0653335031960947,0.40596031261440924,
length,30,31,normal,-0.01775804791974618,0.2081448898485604,
box_height,30,31,normal,-0.03363399886791748,0.1512608001801962,
score,30,31,normal,0.6748684546885172,0.14063699052074494,1523
fp_score,30,31,normal,0.4196673068625868,0.18182206962445127,605
fp_rate,30,31,poisson,0.07704062141856616,605,
distal,31,32,normal,0.0057242474252679,0.22150164057982946,
perpendicular,31,32,normal,-0.02190305578152508,0.13940024131756173,
height,31,32,normal,-0.01814724309979198,0.1149052694740506,
yaw,31,32,normal,0.007511287082318891,0.09494790503113665,
width,31,32,normal,-0.04529723088689311,0.3849735902154388,
length,31,32,normal,-0.026461267675566152,0.22670197756913396,
box_height,31,32,normal,-0.026654654852697784,0.16344360038159864,
score,31,32,normal,0.684508282586793,0.14412596303281414,1517
fp_score,31,32,normal,0.3900953955579918,0.17820868084330074,728
fp_rate,31,32,poisson,0.09270342544250605,728,
distal,32,33,normal,0.02336167349679913,0.23553830954537097,
perpendicular,32,33,normal,-0.01759689386610319,0.14066420763806714,
height,32,33,normal,-0.011030008267743028,0.11387564644223237,
yaw,32,33,normal,0.010508930444728386,0.09389584924955123,
width,32,33,normal,-0.03928926558356576,0.4070123801862619,
length,32,33,normal,-0.019756269033315482,0.2391020272132045,
box_height,32,33,normal,-0.031577507974250525,0.1639931117810925,
score,32,33,normal,0.6656656826567803,0.15212014572986615,1474
fp_score,32,33,normal,0.3957994145690103,0.1826210965796515,646
fp_rate,32,33,poisson,0.08226155609321278,646,
distal,33,34,normal,0.05317941375058105,0.24012573958468333,
perpendicular,33,34,normal,-0.027578631217836682,0.14648225569969373,
height,33,34,normal,-0.007676807869421809,0.11702818483502969,
yaw,33,34,normal,0.004752688384510648,0.0724305726638577,
width,33,34,normal,0.00409036384601342,0.3898887737910144,
length,33,34,normal,-0.008144900987022802,0.19174268416060114,
box_height,33,34,normal,-0.026280726453191357,0.16082790236986902,
score,33,34,normal,0.6621031856629997,0.15314580409109607,1457
fp_score,33,34,normal,0.3653269727655104,0.16787635063531964,833
fp_rate,33,34,poisson,0.10607411180440596,833,
distal,34,35,normal,0.008042655499509709,0.21300744654142775,
perpendicular,34,35,normal,-0.03685760653498737,0.15350329058855575,
height,34,35,normal,-0.010010665825667108,0.12689562553513592,
yaw,34,35,normal,-0.013145606967354985,0.10556905374974705,
width,34,35,normal,-0.01806399932674231,0.4075288179790939,
length,34,35,normal,-0.018471344127966857,0.23219766785551432,
box_height,34,35,normal,-0.02980018214243959,0.14939517859169482,
score,34,35,normal,0.6192295727515416,0.16959618386796793,1819
fp_score,34,35,normal,0.37516363111396905,0.1559222510768292,876
fp_rate,34,35,poisson,0.11154972621927926,876,
distal,35,36,normal,0.02787352862149728,0.2412894839259977,
perpendicular,35,36,normal,-0.017500864143656054,0.15004769962032632,
height,35,36,normal,-0.02097314989448594,0.12203479745006617,
yaw,35,36,normal,0.0023927820918242036,0.09949079356902966,
width,35,36,normal,0.007716075233791185,0.42994032966931117,
length,35,36,normal,-0.02116684891812043,0.2323936947345208,
box_height,35,36,normal,-0.03001331200952479,0.16287085103578233,
score,35,36,normal,0.6264651158808935,0.14785514923325527,1555
fp_score,35,36,normal,0.36824709955206086,0.1445461832645163,967
fp_rate,35,36,poisson,0.12313765439959251,967,
distal,36,37,normal,0.003907843657721297,0.23515537082259086,
perpendicular,36,37,normal,-0.010638731194934135,0.15665231605943905,
height,36,37,normal,-0.011666978693174568,0.12190388630635017,
yaw,36,37,normal,0.005251793742061041,0.09319560980825427,
width,36,37,normal,-0.04225727863843433,0.4111767525795252,
length,36,37,normal,-0.016839077767594766,0.20503039233509807,
box_height,36,37,normal,-0.024389377765954578,0.1753622038954974,
score,36,37,normal,0.6250896406609837,0.158367925667443,1383
fp_score,36,37,normal,0.3675696992710845,0.14679888052885035,949
fp_rate,36,37,poisson,0.12084553673755252,949,
distal,37,38,normal,0.012627693225531195,0.24810885530237797,
perpendicular,37,38,normal,-0.040370935609878394,0.15567490292504035,
height,37,38,normal,-0.004990988661686155,0.1260328656737463,
yaw,37,38,normal,-0.00540408188138334,0.10013190017942955,
width,37,38,normal,-0.037205560322113855,0.43155975724237655,
length,37,38,normal,-0.01766301497631107,0.23000917698772771,
box_height,37,38,normal,-0.042633290171835724,0.17258701862896753,
score,37,38,normal,0.626814212059061,0.14782317179715504,1390
fp_score,37,38,normal,0.3688077626772869,0.15488702248422276,729
fp_rate,37,38,poisson,0.09283076531261938,729,
distal,38,39,normal,0.026083120422369748,0.23301538120487197,
perpendicular,38,39,normal,-0.04529447082019906,0.16235068295680163,
height,38,39,normal,-0.009291742529187883,0.11833397829634888,
yaw,38,39,normal,-0.02222606704058899,0.11018871165735955,
width,38,39,normal,-0.009291855237817252,0.431993792419134,
length,38,39,normal,-0.006726865303314959,0.23873171775689364,
box_height,38,39,normal,-0.02309290412384244,0.16045681093397987,
score,38,39,normal,0.6383594932712717,0.14119474013948627,1662
fp_score,38,39,normal,0.37885583360049674,0.1564492961020702,803
fp_rate,38,39,poisson,0.10225391570100599,803,
distal,39,40,normal,0.02034121716008018,0.24755675959167792,
perpendicular,39,40,normal,-0.030228398481215904,0.1363730988105701,
height,39,40,normal,-0.004418425348517509,0.12365786102953216,
yaw,39,40,normal,-0.016065982398045454,0.10959893733458327,
width,39,40,normal,-0.07593015582156157,0.4194525959973012,
length,39,40,normal,-0.05154132566079419,0.21442430461541984,
box_height,39,40,normal,-0.03516439462538883,0.17083181985526352,
score,39,40,normal,0.6472315968908251,0.1408828506216252,1351
fp_score,39,40,normal,0.3903830583249369,0.16795297346286442,775
fp_rate,39,40,poisson,0.09868839933783267,775,
distal,40,41,normal,0.005157268613504236,0.285622065743709,
perpendicular,40,41,normal,-0.02325116818626308,0.17117421394740187,
height,40,41,normal,-0.0071975050496079825,0.12745088570718122,
yaw,40,41,normal,0.0029055611686774853,0.11363985747541287,
width,40,41,normal,-0.1221575316109878,0.49189966116534883,
length,40,41,normal,-0.0637478519178951,0.24977071235407294,
box_height,40,41,normal,-0.01941436740887563,0.19828601709320381,
score,40,41,normal,0.5981268525861436,0.15552188321482607,1394
fp_score,40,41,normal,0.3595059022009723,0.1523834671412393,851
fp_rate,40,41,poisson,0.10836622946644595,851,
distal,41,42,normal,0.0029632565973482586,0.28886252935281076,
perpendicular,41,42,normal,-0.024764632603194447,0.15108987622600034,
height,41,42,normal,-0.010627969451572584,0.12069677634654198,
yaw,41,42,normal,-0.005565304775886232,0.10357318445834703,
width,41,42,normal,-0.12721636967781264,0.4691349379984145,
length,41,42,normal,-0.07028015800144362,0.24125839187098666,
box_height,41,42,normal,-0.05467608222195935,0.17770504291220235,
score,41,42,normal,0.6203541523271314,0.14070972179950508,1268
fp_score,41,42,normal,0.36779742660103265,0.1467011889998533,910
fp_rate,41,42,poisson,0.11587928180313256,910,
distal,42,43,normal,0.014250589312329991,0.2679714538038547,
perpendicular,42,43,normal,-0.01561497490172844,0.14252437658605815,
height,42,43,normal,-0.007632088588059314,0.12128086415169204,
yaw,42,43,normal,-0.009231317007338815,0.11555817619329012,
width,42,43,normal,-0.10679060257285651,0.47081639879435316,
length,42,43,normal,-0.0688565191315727,0.24240383162574614,
box_height,42,43,normal,-0.04262663498977942,0.17976176287005294,
score,42,43,normal,0.6143089789188713,0.136176455500018,1180
fp_score,42,43,normal,0.3772447996351817,0.1578502596367453,730
fp_rate,42,43,poisson,0.09295810518273272,730,
distal,43,44,normal,0.010636489697718686,0.25629645909447335,
perpendicular,43,44,normal,-0.014986895368832614,0.1374898284942107,
height,43,44,normal,-0.019871055734530522,0.13320817378242966,
yaw,43,44,normal,-0.0032036814079794973,0.08588399255579406,
width,43,44,normal,-0.09360076212523848,0.42343383350575553,
length,43,44,normal,-0.05563492197564966,0.18556367921342543,
box_height,43,44,normal,-0.07030089304869863,0.19499312584886247,
score,43,44,normal,0.6086380418869186,0.12770574174449262,1225
fp_score,43,44,normal,0.3751433206352628,0.1544520773017615,741
fp_rate,43,44,poisson,0.09435884375397938,741,
distal,44,45,normal,0.018715511393522684,0.24776956749466036,
perpendicular,44,45,normal,-0.024074245351148972,0.14767162978694198,
height,44,45,normal,-0.009814710699938198,0.13498184478651196,
yaw,44,45,normal,-0.004981942941480758,0.10300675957517444,
width,44,45,normal,-0.04991579183282699,0.4151589714422226,
length,44,45,normal,-0.06072585499860386,0.2256474570971264,
box_height,44,45,normal,-0.051472363306239326,0.17931252916163987,
score,44,45,normal,0.6213798856033999,0.13244625920609351,1248
fp_score,44,45,normal,0.3660501730807412,0.14738804742939773,832
fp_rate,44,45,poisson,0.10594677193429262,832,
distal,45,46,normal,0.012857315914808544,0.24167968096884174,
perpendicular,45,46,normal,-0.023432220851273527,0.15240872257303578,
height,45,46,normal,-0.007548246342082356,0.14119571547995585,
yaw,45,46,normal,-0.030409436339444457,0.10470702805434556,
width,45,46,normal,-0.06408605298330618,0.4169231650792046,
length,45,46,normal,-0.07609667112660963,0.20694515535882932,
box_height,45,46,normal,-0.07037943365962006,0.18358479094162838,
score,45,46,normal,0.6090358904627866,0.1309208184891242,1246
fp_score,45,46,normal,0.36949485825607553,0.1474781880189649,768
fp_rate,45,46,poisson,0.09779702024703935,768,
distal,46,47,normal,0.007523563776423042,0.2705882321954294,
perpendicular,46,47,normal,-0.021031423197030844,0.1491077769324667,
height,46,47,normal,-0.007107181443693888,0.1381394149142371,
yaw,46,47,normal,-0.011672044507739282,0.10986229780277297,
width,46,47,normal,-0.07553138028192256,0.47763206647694856,
length,46,47,normal,-0.07309198214862887,0.23562840644280453,
box_height,46,47,normal,-0.05360325495841095,0.1734122282840377,
score,46,47,normal,0.5908493879174,0.13455406809270723,1084
fp_score,46,47,normal,0.37130626277207224,0.15248024264877927,862
fp_rate,46,47,poisson,0.1097669680376926,862,
distal,47,48,normal,0.04566290387368136,0.2664299065550463,
perpendicular,47,48,normal,-0.01214049922455497,0.1552410031056167,
height,47,48,normal,-0.022517686459555555,0.13724075126058505,
yaw,47,48,normal,-0.014561758276450714,0.10714905205602575,
width,47,48,normal,-0.027464895106073636,0.4518484753529256,
length,47,48,normal,-0.07671942785281177,0.2006544198754192,
box_height,47,48,normal,-0.03971719709471414,0.17140207102119623,
score,47,48,normal,0.5803621238858276,0.1359584773552765,1069
fp_score,47,48,normal,0.37270103707789276,0.14225775300556848,867
fp_rate,47,48,poisson,0.11040366738825927,867,
distal,48,49,normal,-0.015436709048695435,0.28949832468032705,
perpendicular,48,49,normal,-0.022302676428694816,0.15061397948690408,
height,48,49,normal,-0.030779554136097433,0.14244797220764557,
yaw,48,49,normal,-0.009022739008501262,0.11291788561662384,
width,48,49,normal,-0.14650668501853942,0.5071624272912191,
length,48,49,normal,-0.08785448763519525,0.21319902807478847,
box_height,48,49,normal,-0.08138981163501739,0.19196607228555398,
score,48,49,normal,0.5802305883960799,0.13185384564189348,979
fp_score,48,49,normal,0.37380605373942555,0.14869999373346007,843
fp_rate,48,49,poisson,0.10734751050553928,843,
distal,49,50,normal,0.0038759049362585294,0.2612549648690961,
perpendicular,49,50,normal,-0.039440895786298856,0.1362447001004962,
height,49,50,normal,-0.03856606522807282,0.15101678336038912,
yaw,49,50,normal,-0.028494125178294374,0.09873257397783394,
width,49,50,normal,-0.09483871687303837,0.44028517412105117,
length,49,50,normal,-0.06971004627153168,0.18125832047640733,
box_height,49,50,normal,-0.049502461492869555,0.1750708351288334,
score,49,50,normal,0.5894966986950277,0.12624759464881186,1202
fp_score,49,50,normal,0.3807587037576405,0.15215206782332458,966
fp_rate,49,50,poisson,0.12301031452947918,966,
distal,50,51,normal,0.03986550177355416,0.24409102349514586,
perpendicular,50,51,normal,-0.038132124292861856,0.1540385753903423,
height,50,51,normal,-0.020124176393252906,0.15860539685102995,
yaw,50,51,normal,-0.02191954398556619,0.11985206683861488,
width,50,51,normal,-0.05650480194276305,0.4275419777020255,
length,50,51,normal,-0.047602712459402764,0.20436677575562073,
box_height,50,51,normal,-0.048022502711202675,0.18130462709397466,
score,50,51,normal,0.5642642287634304,0.13444916211714636,1132
fp_score,50,51,normal,0.36431055078217695,0.14632689117388967,999
fp_rate,50,51,poisson,0.12721253024321916,999,
distal,51,52,normal,0.017424139471853128,0.25840901575576924,
perpendicular,51,52,normal,-0.021307037041371654,0.15380441505156334,
height,51,52,normal,-0.03257312855166847,0.15486613865002205,
yaw,51,52,normal,-0.02623315617224602,0.11335538118485937,
width,51,52,normal,-0.05244816875005785,0.43087867694355897,
length,51,52,normal,-0.04245899059761192,0.2071664132652012,
box_height,51,52,normal,-0.05116923541819315,0.1899211388998427,
score,51,52,normal,0.5442814990454375,0.1282619525012813,1259
fp_score,51,52,normal,0.3703909523460623,0.14225736696219357,1171
fp_rate,51,52,poisson,0.14911498790271233,1171,
distal,52,53,normal,0.00752594343009235,0.2617936329570209,
perpendicular,52,53,normal,-0.021816688817059376,0.15731862278158126,
height,52,53,normal,-0.02211398709388006,0.15294117944231142,
yaw,52,53,normal,-0.02487187300633282,0.1164357700121218,
width,52,53,normal,-0.06881726507156614,0.4301578380509619,
length,52,53,normal,-0.04058650013000246,0.21474666169225595,
box_height,52,53,normal,-0.05110828308832078,0.18508487946124197,
score,52,53,normal,0.5599911804000537,0.13750917154123687,982
fp_score,52,53,normal,0.3665789411718627,0.14100129710688958,1255
fp_rate,52,53,poisson,0.15981153699223227,1255,
distal,53,54,normal,-0.012879765634997082,0.2794220437344292,
perpendicular,53,54,normal,-0.00571072568076449,0.1723257846560658,
height,53,54,normal,-0.016544587001567933,0.1486287330594331,
yaw,53,54,normal,-0.038762008062663666,0.10690721548707052,
width,53,54,normal,-0.15655824033225454,0.43369719097866083,
length,53,54,normal,-0.05606826589497955,0.2019334604715518,
box_height,53,54,normal,-0.03219614813967449,0.19932097696931042,
score,53,54,normal,0.528381365361114,0.13104144567258236,859
fp_score,53,54,normal,0.3578290849237662,0.13505679767793946,1042
fp_rate,53,54,poisson,0.13268814465809245,1042,
distal,54,55,normal,-0.03647378590977108,0.27749835060350625,
perpendicular,54,55,normal,-0.02192808380061053,0.15416771901064596,
height,54,55,normal,-0.005319542376099119,0.1461696241955768,
yaw,54,55,normal,-0.03166564845263068,0.12941039874821958,
width,54,55,normal,-0.17209302316046066,0.44987017292964016,
length,54,55,normal,-0.07330156245808693,0.21875905242183236,
box_height,54,55,normal,-0.07058549306954548,0.20306558013266682,
score,54,55,normal,0.5400392046779584,0.12617966819325066,876
fp_score,54,55,normal,0.36072732113096695,0.12985893866468035,1090
fp_rate,54,55,poisson,0.13880045842353242,1090,
distal,55,56,normal,-0.0055630783514881155,0.2423255832980037,
perpendicular,55,56,normal,-0.04314430519285809,0.17775734055008616,
height,55,56,normal,-0.007541759256747371,0.1431629479563356,
yaw,55,56,normal,-0.044620871961695265,0.14313234066066316,
width,55,56,normal,-0.08838675540020788,0.40604275249023436,
length,55,56,normal,-0.07171893796342227,0.21040777038369946,
box_height,55,56,normal,-0.04246740261869188,0.18938953917811052,
score,55,56,normal,0.5424225523688788,0.13698996293587537,862
fp_score,55,56,normal,0.37276167844039987,0.14137109425930464,1004
fp_rate,55,56,poisson,0.1278492295937858,1004,
distal,56,57,normal,0.045805073923285956,0.27238062115677036,
perpendicular,56,57,normal,-0.01628560341300137,0.16137252161281077,
height,56,57,normal,-0.008225819000900355,0.1663718531463564,
yaw,56,57,normal,-0.01658827064544097,0.1142424865071525,
width,56,57,normal,-0.042656982328130075,0.4117335456916157,
length,56,57,normal,-0.06518141218304409,0.19611685047268093,
box_height,56,57,normal,-0.01775499620599873,0.21548423543486006,
score,56,57,normal,0.5526527844946867,0.12766761042616984,794
fp_score,56,57,normal,0.3505064733047735,0.1300870066446051,802
fp_rate,56,57,poisson,0.10212657583089266,802,
distal,57,58,normal,0.03211224337384593,0.2855001319137701,
perpendicular,57,58,normal,-0.02901011164748599,0.15566022494917686,
height,57,58,normal,-0.00876664456741586,0.15462685455985783,
yaw,57,58,normal,-0.03392338770444319,0.11396065581489649,
width,57,58,normal,-0.02409307140013131,0.47274548520113735,
length,57,58,normal,-0.07398939955959004,0.21065579216765518,
box_height,57,58,normal,-0.04844183190751471,0.17942374950898088,
score,57,58,normal,0.5255252536159852,0.1272152540266526,613
fp_score,57,58,normal,0.3372857337387145,0.11956301773521916,1017
fp_rate,57,58,poisson,0.12950464790525915,1017,
distal,58,59,normal,0.04707185047275815,0.28659621480139896,
perpendicular,58,59,normal,-0.044384775132150965,0.17767477864171785,
height,58,59,normal,-0.021969296144284414,0.1411220882448701,
yaw,58,59,normal,-0.033412066166933665,0.13886386112759067,
width,58,59,normal,-0.04865283504170909,0.47916834404242714,
length,58,59,normal,-0.07622715822312227,0.22332348429926385,
box_height,58,59,normal,-0.032822712194545994,0.1834242932137203,
score,58,59,normal,0.52956102427594,0.12709044571370695,594
fp_score,58,59,normal,0.3393852171951716,0.11917876409328293,908
fp_rate,58,59,poisson,0.1156246020629059,908,
distal,59,60,normal,0.015424780484821085,0.31332422053385206,
perpendicular,59,60,normal,-0.02491778334819166,0.17382435140554414,
height,59,60,normal,-0.021968855838145108,0.15562766954164434,
yaw,59,60,normal,-0.039191135341876605,0.11115865651013342,
width,59,60,normal,-0.10767036298746577,0.5175287340963123,
length,59,60,normal,-0.09796537709301825,0.2355191613518621,
box_height,59,60,normal,-0.03788446427705203,0.18210475769413612,
score,59,60,normal,0.5130503297508913,0.13149030244635324,605
fp_score,59,60,normal,0.3445902863425798,0.11500834107232336,976
fp_rate,59,60,poisson,0.1242837132306125,976,
distal,60,61,normal,0.04389402872683049,0.27555745221212913,
perpendicular,60,61,normal,-0.036937437272860835,0.15645173575054358,
height,60,61,normal,-0.03358437653098788,0.17451337218096585,
yaw,60,61,normal,-0.04218005478197658,0.11746079892528963,
width,60,61,normal,-0.07017286405676887,0.4274383216911732,
length,60,61,normal,-0.10698905338843663,0.2094759111310076,
box_height,60,61,normal,-0.05444650139127459,0.17517355794253595,
score,60,61,normal,0.5050882294419266,0.13263234684408884,569
fp_score,60,61,normal,0.3377396218142563,0.12501414603751712,1064
fp_rate,60,61,poisson,0.13548962180058577,1064,
distal,61,62,normal,-0.012349118347588055,0.27971673792272495,
perpendicular,61,62,normal,-0.023534199293564154,0.19030044944143898,
height,61,62,normal,-0.0019247938604915844,0.16785872337617516,
yaw,61,62,normal,-0.02921440083323799,0.1302106829537847,
width,61,62,normal,-0.08806051015853882,0.43818600058719853,
length,61,62,normal,-0.09212347198935115,0.193577542871336,
box_height,61,62,normal,-0.05210180633208331,0.2049993247882247,
score,61,62,normal,0.45896392894141813,0.12905814398323756,644
fp_score,61,62,normal,0.3362215628175391,0.12168977161302744,970
fp_rate,61,62,poisson,0.12351967400993251,970,
distal,62,63,normal,-0.009621525351457591,0.301933153611562,
perpendicular,62,63,normal,-0.03973383435727776,0.18335882179800791,
height,62,63,normal,0.004497029766532945,0.16520277234620062,
yaw,62,63,normal,-0.041769833992590016,0.12275069259792896,
width,62,63,normal,-0.14483269253132505,0.4911669735454187,
length,62,63,normal,-0.11688895033013007,0.2016626071220522,
box_height,62,63,normal,-0.038915947357319895,0.17559333905225913,
score,62,63,normal,0.4731396542665381,0.12933923016499724,579
fp_score,62,63,normal,0.3504675727254479,0.13087976732997378,986
fp_rate,62,63,poisson,0.12555711193174582,986,
distal,63,64,normal,0.0032644760549640495,0.26486846945357756,
perpendicular,63,64,normal,-0.026178231947762625,0.18797974649390903,
height,63,64,normal,0.010884321530659994,0.15443962056584115,
yaw,63,64,normal,-0.0312764089001732,0.12585104371443387,
width,63,64,normal,-0.13938186115688747,0.44830691840863873,
length,63,64,normal,-0.09933930820888943,0.2106251288268402,
box_height,63,64,normal,-0.018879380755954318,0.2038764246076677,
score,63,64,normal,0.48489060117138755,0.14106934836825213,480
fp_score,63,64,normal,0.33821975300268314,0.11450062413276664,1036
fp_rate,63,64,poisson,0.13192410543741245,1036,
distal,64,65,normal,0.009214169246184718,0.272934898259992,
perpendicular,64,65,normal,-0.028693181710393523,0.19885986159732763,
height,64,65,normal,-0.026811645697739164,0.17930202109406593,
yaw,64,65,normal,-0.02622752090411104,0.11670316133732515,
width,64,65,normal,-0.16622323201874556,0.47701025254857865,
length,64,65,normal,-0.07777632343567024,0.2040876616365865,
box_height,64,65,normal,-0.05205144013388682,0.1898365399709581,
score,64,65,normal,0.47066738639595146,0.12328106636893044,464
fp_score,64,65,normal,0.33637919050774406,0.11718228704839455,1008
fp_rate,64,65,poisson,0.12835858907423914,1008,
distal,65,66,normal,-0.012733363594464338,0.30451152580300767,
perpendicular,65,66,normal,-0.045388777481001376,0.18664790630533742,
height,65,66,normal,-0.030555131172370232,0.16821235568837717,
yaw,65,66,normal,-0.030103633405442864,0.150977980256455,
width,65,66,normal,-0.1398802422968094,0.5423859171241392,
length,65,66,normal,-0.10113026832770622,0.2567623163439199,
box_height,65,66,normal,-0.0727322186439487,0.23562740789124773,
score,65,66,normal,0.5087910339607463,0.13576931308090584,494
fp_score,65,66,normal,0.34575674854453625,0.12681577382923956,1016
fp_rate,65,66,poisson,0.1293773080351458,1016,
distal,66,67,normal,0.10201514551489285,0.28484078277655145,
perpendicular,66,67,normal,-0.06748862306141752,0.21410126803259028,
height,66,67,normal,-0.0046494272020128034,0.15337768032424598,
yaw,66,67,normal,-0.04808718893872857,0.1432792798182552,
width,66,67,normal,0.023315103644998666,0.4943392053996726,
length,66,67,normal,-0.055883565519610025,0.19703847514390518,
box_height,66,67,normal,0.009578225959060539,0.21301585744490906,
score,66,67,normal,0.45950257459766847,0.13153203357196463,412
fp_score,66,67,normal,0.3194573599642614,0.10053007971192061,846
fp_rate,66,67,poisson,0.10772953011587928,846,
distal,67,68,normal,0.05885888833179502,0.26544078696671486,
perpendicular,67,68,normal,-0.005728908247483297,0.1918006345839795,
height,67,68,normal,-0.045496682668554375,0.1525222876419257,
yaw,67,68,normal,-0.03525182661038134,0.1354790952845269,
width,67,68,normal,-0.06504911184310913,0.4731276611416506,
length,67,68,normal,0.003134527083100944,0.26819325281349116,
box_height,67,68,normal,0.04639707454319658,0.22792744771607376,
score,67,68,normal,0.46574323046310195,0.1403691177716466,458
fp_score,67,68,normal,0.3229638223747529,0.11550961762172604,851
fp_rate,67,68,poisson,0.10836622946644595,851,
distal,68,69,normal,-0.038406729206270876,0.2519106928663319,
perpendicular,68,69,normal,-0.09168887217259017,0.18327218295256867,
height,68,69,normal,0.0030285669611645983,0.14430333881411356,
yaw,68,69,normal,-0.05025202948759738,0.09158754773114168,
width,68,69,normal,0.014597719365900213,0.3509756950643664,
length,68,69,normal,0.09420867593257458,0.2791842085629927,
box_height,68,69,normal,0.023019461662738355,0.254349029389442,
score,68,69,normal,0.49643501605499873,0.13064710790881534,523
fp_score,68,69,normal,0.325856802242397,0.11442589459130358,938
fp_rate,68,69,poisson,0.11944479816630588,938,
distal,69,70,normal,0.11742387108034616,0.3334687066949901,
perpendicular,69,70,normal,-0.006617098524776085,0.20479860569037212,
height,69,70,normal,-0.006499821659903856,0.1381127262063967,
yaw,69,70,normal,0.008289132442442068,0.13365553816880357,
width,69,70,normal,-0.010572799346731894,0.5310161487934266,
length,69,70,normal,-0.043158396235052146,0.22051327918136332,
box_height,69,70,normal,0.03320704241218807,0.21278887096554333,
score,69,70,normal,0.4065971979929966,0.11012801162242446,307
fp_score,69,70,normal,0.30208381595899003,0.09144989407522111,647
fp_rate,69,70,poisson,0.08238889596332612,647,
distal,70,71,normal,0.05294436688168562,0.2622986723995893,
perpendicular,70,71,normal,0.024979514602953296,0.19996652211608296,
height,70,71,normal,-0.0077389206575310746,0.15288015671944757,
yaw,70,71,normal,0.023129657836638413,0.12387949943175858,
width,70,71,normal,-0.07865137120951778,0.3887160791731259,
length,70,71,normal,-0.049023982407390206,0.25689265861547306,
box_height,70,71,normal,-0.021432177744049957,0.20166976091564134,
score,70,71,normal,0.3811520948142245,0.1168852439165286,326
fp_score,70,71,normal,0.2875332107205363,0.08744261787096326,845
fp_rate,70,71,poisson,0.10760219024576595,845,
distal,71,72,normal,0.011979100581090425,0.26640808747972405,
perpendicular,71,72,normal,-0.018887759823959852,0.19227884688597643,
height,71,72,normal,0.03593949682411106,0.16684296271064428,
yaw,71,72,normal,0.019608583075110413,0.11225051925388568,
width,71,72,normal,-0.11543261867830124,0.4799474093914198,
length,71,72,normal,-0.06475635917707422,0.21690496292969103,
box_height,71,72,normal,-0.0942340568564404,0.22995028676934218,
score,71,72,normal,0.4065291814762971,0.1329282469963577,284
fp_score,71,72,normal,0.27978538690472,0.0855976067260848,547
fp_rate,71,72,poisson,0.06965490895199287,547,
distal,72,73,normal,0.03953037017121286,0.27645571206193315,
perpendicular,72,73,normal,0.04180773525155489,0.21173818878200729,
height,72,73,normal,0.03500750347187644,0.15816196823124923,
yaw,72,73,normal,0.03190832496330097,0.11069168150064382,
width,72,73,normal,-0.0350344181060791,0.6137474176012502,
length,72,73,normal,-0.06346591836527775,0.16463932699715195,
box_height,72,73,normal,-0.11476714673795198,0.2195659201803788,
score,72,73,normal,0.36867265285629974,0.13686035951995623,284
fp_score,72,73,normal,0.28240735458238475,0.08501584170025052,394
fp_rate,72,73,poisson,0.050171908824653,394,
distal,73,74,normal,-0.013110681290084459,0.2726334374899995,
perpendicular,73,74,normal,-0.17469967085888255,0.26232933874851017,
height,73,74,normal,0.07868648171424866,0.08779755164407915,
yaw,73,74,normal,-0.04672589964927561,0.12105364277344884,
width,73,74,normal,-0.28214144706726074,0.40454599909961697,
length,73,74,normal,-0.02274056673049927,0.10175511604309649,
box_height,73,74,normal,0.004124486446380615,0.2201663002582463,
score,73,74,normal,0.32406531274318695,0.08298954313275256,266
fp_score,73,74,normal,0.2619275613909676,0.06682806026723244,315
fp_rate,73,74,poisson,0.04011205908569973,315,
distal,74,75,normal,0.32878758257560947,0.05931063078135368,
perpendicular,74,75,normal,0.0330871531930261,0.09527332371557182,
height,74,75,normal,-0.0031087398529052734,0.05067312717437744,
yaw,74,75,normal,0.11588390544056892,0.04097293888265696,
width,74,75,normal,-0.1330552101135254,0.25678300857543945,
length,74,75,normal,-0.059513092041015625,0.07588481903076172,
box_height,74,75,normal,-0.13678455352783203,0.08106207847595215,
score,74,75,normal,0.3489686846733093,0.048725426197052,226
fp_score,74,75,normal,0.2750209092677056,0.07701434284365483,143
fp_rate,74,75,poisson,0.018209601426206545,143,
distal,75,76,normal,-0.06182481984059658,0.0,
perpendicular,75,76,normal,-0.08390407994778397,0.0,
height,75,76,normal,0.1859404444694519,0.0,
yaw,75,76,normal,0.007745830220631689,0.0,
width,75,76,normal,0.049839019775390625,0.0,
length,75,76,normal,0.04376959800720215,0.0,
box_height,75,76,normal,-0.059156060218811035,0.0,
score,75,76,normal,0.40711018443107605,0.0,214
fp_score,75,76,normal,0.27891753448380363,0.07660748960301914,108
fp_rate,75,76,poisson,0.013752705972239909,108,
distal,76,77,normal,-0.020388029376016362,0.0,
perpendicular,76,77,normal,-0.12779988465462394,0.0,
height,76,77,normal,0.1273411512374878,0.0,
yaw,76,77,normal,-0.05587247212464419,0.0,
width,76,77,normal,0.08072710037231445,0.0,
length,76,77,normal,0.0534818172454834,0.0,
box_height,76,77,normal,-0.06493258476257324,0.0,
score,76,77,normal,0.3214375972747803,0.0,212
fp_score,76,77,normal,0.27511074648397726,0.06706820334657544,82
fp_rate,76,77,poisson,0.010441869349293264,82,
distal,77,78,normal,0.012514294590927521,0.0,
perpendicular,77,78,normal,0.055958446108806154,0.0,
height,77,78,normal,0.2191753387451172,0.0,
yaw,77,78,normal,0.04029592673247251,0.0,
width,77,78,normal,-0.9374403953552246,0.0,
length,77,78,normal,-0.662431001663208,0.0,
box_height,77,78,normal,-0.5276517868041992,0.0,
score,77,78,normal,0.43858131766319275,0.0,208
fp_score,77,78,normal,0.26330431448478325,0.050801438315829756,51
fp_rate,77,78,poisson,0.006494333375779956,51,
distal,78,79,normal,-0.08722319066866208,0.0,
perpendicular,78,79,normal,0.0780603858164728,0.0,
height,78,79,normal,0.04394179582595825,0.0,
yaw,78,79,normal,-0.13716808159882632,0.0,
width,78,79,normal,0.030439376831054688,0.0,
length,78,79,normal,0.08728694915771484,0.0,
box_height,78,79,normal,-0.025984644889831543,0.0,
score,78,79,normal,0.4352497160434723,0.0,266
fp_score,78,79,normal,0.25925366633704733,0.05294385240760421,28
fp_rate,78,79,poisson,0.0035655163631733095,28,
fp_score,79,80,normal,0.27189568836580624,0.06837256529517798,22
fp_rate,79,80,poisson,0.0028014771424933146,22,
fp_score,80,81,normal,0.25573959946632385,0.03898326612832825,4
fp_rate,80,81,poisson,0.0005093594804533299,4,
fp_rate,81,82,poisson,0.0,0,
fp_rate,82,83,poisson,0.0,0,
fp_rate,83,84,poisson,0.0,0,
fp_rate,84,85,poisson,0.0,0,
fp_rate,85,86,poisson,0.0,0,
fp_rate,86,87,poisson,0.0,0,
fp_rate,87,88,poisson,0.0,0,
fp_rate,88,89,poisson,0.0,0,
fp_rate,89,90,poisson,0.0,0,
fp_rate,90,91,poisson,0.0,0,
fp_rate,91,92,poisson,0.0,0,
fp_rate,92,93,poisson,0.0,0,
fp_rate,93,94,poisson,0.0,0,
fp_rate,94,95,poisson,0.0,0,
fp_rate,95,96,poisson,0.0,0,
fp_rate,96,97,poisson,0.0,0,
fp_rate,97,98,poisson,0.0,0,
fp_rate,98,99,poisson,0.0,0,
fp_rate,99,100,poisson,0.0,0,
fp_rate,100,101,poisson,0.0,0,
fp_rate,101,102,poisson,0.0,0,
fp_rate,102,103,poisson,0.0,0,
fp_rate,103,104,poisson,0.0,0,
fp_rate,104,105,poisson,0.0,0,
fp_rate,105,106,poisson,0.0,0,
fp_rate,106,107,poisson,0.0,0,
fp_rate,107,108,poisson,0.0,0,
fp_rate,108,109,poisson,0.0,0,
fp_rate,109,110,poisson,0.0,0,
fp_rate,110,111,poisson,0.0,0,
fp_rate,111,112,poisson,0.0,0,
fp_rate,112,113,poisson,0.0,0,
fp_rate,113,114,poisson,0.0,0,
fp_rate,114,115,poisson,0.0,0,
fp_rate,115,116,poisson,0.0,0,
fp_rate,116,117,poisson,0.0,0,
fp_rate,117,118,poisson,0.0,0,
fp_rate,118,119,poisson,0.0,0,
fp_rate,119,120,poisson,0.0,0,
fp_rate,120,121,poisson,0.0,0,
fp_rate,121,122,poisson,0.0,0,
fp_rate,122,123,poisson,0.0,0,
fp_rate,123,124,poisson,0.0,0,
fp_rate,124,125,poisson,0.0,0,
fp_rate,125,126,poisson,0.0,0,
fp_rate,126,127,poisson,0.0,0,
fp_rate,127,128,poisson,0.0,0,
fp_rate,128,129,poisson,0.0,0,
fp_rate,129,130,poisson,0.0,0,
fp_rate,130,131,poisson,0.0,0,
fp_rate,131,132,poisson,0.0,0,
fp_rate,133,134,poisson,0.0,0,
fp_rate,135,136,poisson,0.0,0,

# === Synthesized overall bin rows (added by synthesize_overall_bins.py) ===
# Aggregated as sqrt(mean(per-bin variance)) across per-distance bins.
# This is an unweighted aggregate; the upstream generator should emit a
# count-weighted overall row to replace these.
perpendicular,0,100,normal,0.0,0.159501,
distal,0,100,normal,0.0,0.237825,
height,0,100,normal,0.0,0.125590,
yaw,0,100,normal,0.0,0.104260,
width,0,100,normal,0.0,0.424103,
length,0,100,normal,0.0,0.213828,
box_height,0,100,normal,0.0,0.173716,
