# rtk_v2v4real - V2V4Real RTK localizer floor (pos σ=0.03 m, rot σ=0.005 rad)
# RTK-floor localizer model: constant std (= sigma), zero bias, no velocity dependence.
# All slope and quadratic coefficients are 0; the only non-zero entries are std_intercept (= sigma) and var_intercept (= sigma^2).
# velocity in m/s, position errors in meters, orientation errors in radians

error_type,intercept,slope,quad_a,quad_b,quad_c,bias_intercept,bias_slope,bias_quad_a,bias_quad_b,bias_quad_c,std_intercept,std_slope,std_quad_a,std_quad_b,std_quad_c,var_intercept,var_slope,var_quad_a,var_quad_b,var_quad_c,unit,notes
longitudinal,0.023936536824,0.0,0.0,0.0,0.023936536824,0.0,0.0,0.0,0.0,0.0,0.03,0.0,0.0,0.0,0.03,0.0009,0.0,0.0,0.0,0.0009,meters,Longitudinal (forward) position error
lateral,0.023936536824,0.0,0.0,0.0,0.023936536824,0.0,0.0,0.0,0.0,0.0,0.03,0.0,0.0,0.0,0.03,0.0009,0.0,0.0,0.0,0.0009,meters,Lateral (side) position error
vertical,0.023936536824,0.0,0.0,0.0,0.023936536824,0.0,0.0,0.0,0.0,0.0,0.03,0.0,0.0,0.0,0.03,0.0009,0.0,0.0,0.0,0.0009,meters,Vertical (up/down) position error
roll,0.0039894228040000005,0.0,0.0,0.0,0.0039894228040000005,0.0,0.0,0.0,0.0,0.0,0.005,0.0,0.0,0.0,0.005,2.5e-05,0.0,0.0,0.0,2.5e-05,radians,Roll angle error
pitch,0.0039894228040000005,0.0,0.0,0.0,0.0039894228040000005,0.0,0.0,0.0,0.0,0.0,0.005,0.0,0.0,0.0,0.005,2.5e-05,0.0,0.0,0.0,2.5e-05,radians,Pitch angle error
yaw,0.0039894228040000005,0.0,0.0,0.0,0.0039894228040000005,0.0,0.0,0.0,0.0,0.0,0.005,0.0,0.0,0.0,0.005,2.5e-05,0.0,0.0,0.0,2.5e-05,radians,Yaw angle error
